Nom_Complet_Diplome;Acronyme_Diplome;Niveau_Europeen;Grande_Categorie;Description_Diplome;Nom_Etablissement;Ville;Code_Postal;Region;URL_Site_Etablissement;URL_Page_Formation;Dates_Portes_Ouvertes
Brevet Professionnel Agricole Ouvrier viticole;BPA;3;AGRICULTURE, VITICULTURE, SYLVICULTURE ET ELEVAGE;Ouvrier viticole;Campus Terres de l'Aube;Saint-Pouange;10120;Champagne-Ardenne;https://campusterresdelaube.fr/;;Mars 2025 (à confirmer)
Brevet Professionnel Agricole Ouvrier d'élevage de ruminants et cultures fourragères;BPA;3;AGRICULTURE, VITICULTURE, SYLVICULTURE ET ELEVAGE;Ouvrier d'élevage de ruminants et cultures fourragères;Campus Agro Environnemental;Saint-Laurent;08090;Champagne-Ardenne;https://campus-saintlaurent.fr/;https://campus-saintlaurent.fr/formations-par-filiere/agricole;
Brevet Professionnel Agricole Travaux de la vigne et du vin;BPA;3;AGRICULTURE, VITICULTURE, SYLVICULTURE ET ELEVAGE;Travaux de la vigne et du vin - TVV;Avize Viti Campus;Avize;51190;Champagne-Ardenne;https://www.avizeviticampus.fr/;;
Brevet Professionnel Agricole Bûcheron;BPA;3;AGRICULTURE, VITICULTURE, SYLVICULTURE ET ELEVAGE;Bûcheron;Campus Terres de l'Aube;Les Loges-Margueron;10210;Champagne-Ardenne;https://campusterresdelaube.fr/;;Mars 2025 (à confirmer)
Brevet Professionnel Agricole Bûcheron;BPA;3;AGRICULTURE, VITICULTURE, SYLVICULTURE ET ELEVAGE;Bûcheron;Campus Agro Environnemental;Saint-Laurent;08090;Champagne-Ardenne;https://campus-saintlaurent.fr/;https://campus-saintlaurent.fr/formations-par-filiere/agricole;
Brevet Professionnel Agricole Conduite d'engins forestiers;BPA;3;AGRICULTURE, VITICULTURE, SYLVICULTURE ET ELEVAGE;Conduite d'engins forestiers;Campus de Mirecourt;Mirecourt;88500;Lorraine;https://www.campusdemirecourt.fr/;https://www.campusdemirecourt.fr/toutes-les-formations/;
Certificat d'Aptitude Professionnelle Métiers de l'agriculture;CAP;3;AGRICULTURE, VITICULTURE, SYLVICULTURE ET ELEVAGE;Métiers de l'agriculture - MAGRI;Avize Viti Campus;Avize;51190;Champagne-Ardenne;https://www.avizeviticampus.fr/;;
Certificat d'Aptitude Professionnelle Métiers de l'agriculture;CAP;3;AGRICULTURE, VITICULTURE, SYLVICULTURE ET ELEVAGE;Métiers de l'agriculture - MAGRI;Campus Terres de l'Aube;Saint-Pouange;10120;Champagne-Ardenne;https://campusterresdelaube.fr/;;Mars 2025 (à confirmer)
Certificat d'Aptitude Professionnelle Métiers de l'agriculture;CAP;3;AGRICULTURE, VITICULTURE, SYLVICULTURE ET ELEVAGE;Métiers de l'agriculture - MAGRI;EPLEFPA Edgard Pisani;Chamarandes-Choignes;52000;Champagne-Ardenne;https://edgard-pisani.educagri.fr/;https://edgard-pisani.educagri.fr/cfa/cfppa;
Certificat d'Aptitude Professionnelle Métiers de l'agriculture;CAP;3;AGRICULTURE, VITICULTURE, SYLVICULTURE ET ELEVAGE;Métiers de l'agriculture - MAGRI;EPLEFPA de Rethel;Rethel;08300;Champagne-Ardenne;https://eplefpa-rethel.fr/;https://eplefpa-rethel.fr/cfa-cfppa/;
Certificat d'Aptitude Professionnelle Métiers de l'agriculture;CAP;3;AGRICULTURE, VITICULTURE, SYLVICULTURE ET ELEVAGE;Métiers de l'agriculture - MAGRI;MFR de Gionges;Blancs-Coteaux;51130;Champagne-Ardenne;https://www.mfr-gionges.fr/;https://www.mfr-gionges.fr/nos-formations/;
Certificat d'Aptitude Professionnelle Métiers de l'agriculture;CAP;3;AGRICULTURE, VITICULTURE, SYLVICULTURE ET ELEVAGE;Métiers de l'agriculture - MAGRI;EREA Robert Tritant;Châlons-en-Champagne;51000;Champagne-Ardenne;https://erea-robert-tritant.monbureaunumerique.fr/;https://erea-robert-tritant.monbureaunumerique.fr/vie-de-l-etablissement/;
Certificat d'Aptitude Professionnelle Métiers de l'agriculture;CAP;3;AGRICULTURE, VITICULTURE, SYLVICULTURE ET ELEVAGE;Métiers de l'agriculture - MAGRI;Lycée Agricole de Somme-Suippe;Somme-Suippe;51600;Champagne-Ardenne;http://lyceesommesuippe.fr/;http://lyceesommesuippe.fr/nos-formations/;
Certificat d'Aptitude Professionnelle Métiers de l'agriculture;CAP;3;AGRICULTURE, VITICULTURE, SYLVICULTURE ET ELEVAGE;Métiers de l'agriculture - MAGRI;École de Roville;Roville-aux-Chênes;88700;Lorraine;https://www.roville.fr/;https://www.roville.fr/formation-scolaire/;
Certificat d'Aptitude Professionnelle Métiers de l'agriculture;CAP;3;AGRICULTURE, VITICULTURE, SYLVICULTURE ET ELEVAGE;Métiers de l'agriculture - MAGRI;MFR de Ramonchamp;Ramonchamp;88160;Lorraine;https://mfr4vents.fr/;;
Certificat d'Aptitude Professionnelle Métiers de l'agriculture;CAP;3;AGRICULTURE, VITICULTURE, SYLVICULTURE ET ELEVAGE;Métiers de l'agriculture - MAGRI;MFR de Stenay;Stenay;55700;Lorraine;https://mfr-stenay.fr/;;
Certificat d'Aptitude Professionnelle Métiers de l'agriculture;CAP;3;AGRICULTURE, VITICULTURE, SYLVICULTURE ET ELEVAGE;Métiers de l'agriculture - MAGRI;MFR de Bulgnéville;Bulgnéville;88140;Lorraine;https://mfr-bulgneville.com/;;
Certificat d'Aptitude Professionnelle Métiers de l'agriculture;CAP;3;AGRICULTURE, VITICULTURE, SYLVICULTURE ET ELEVAGE;Métiers de l'agriculture - MAGRI;Campus de Courcelles-Chaussy;Courcelles-Chaussy;57530;Lorraine;https://campus-courcelles.fr/;https://campus-courcelles.fr/campus-courcelles-chaussy/decouvrez-le-campus;
Certificat d'Aptitude Professionnelle Métiers de l'agriculture;CAP;3;AGRICULTURE, VITICULTURE, SYLVICULTURE ET ELEVAGE;Métiers de l'agriculture - MAGRI;EPL Agro de la Meuse;Bar-le-Duc;55000;Lorraine;https://eplagro55.fr/;https://eplagro55.fr/lycee;
Certificat d'Aptitude Professionnelle Métiers de l'agriculture;CAP;3;AGRICULTURE, VITICULTURE, SYLVICULTURE ET ELEVAGE;Métiers de l'agriculture - MAGRI;EPL54 Pixérécourt;Malzéville;54220;Lorraine;https://www.pixerecourt.fr/;https://www.pixerecourt.fr/pixerecourt/lycee/;
Certificat d'Aptitude Professionnelle Métiers de l'agriculture;CAP;3;AGRICULTURE, VITICULTURE, SYLVICULTURE ET ELEVAGE;Métiers de l'agriculture - MAGRI;EREA Henri Ebel;Illkirch-Graffenstaden;67400;Alsace;http://lyc-ebel-illkirch.site.ac-strasbourg.fr/;;
Certificat d'Aptitude Professionnelle Métiers de l'agriculture;CAP;3;AGRICULTURE, VITICULTURE, SYLVICULTURE ET ELEVAGE;Métiers de l'agriculture - MAGRI;EPLEFPA du Bas-Rhin;Obernai;67210;Alsace;https://obernai.educagri.fr/;;
Certificat d'Aptitude Professionnelle Métiers de l'agriculture;CAP;3;AGRICULTURE, VITICULTURE, SYLVICULTURE ET ELEVAGE;Métiers de l'agriculture - MAGRI;EPLEFPA Les Sillons de Haute-Alsace;Rouffach;68250;Alsace;https://rouffach-wintzenheim.educagri.fr/;https://rouffach-wintzenheim.educagri.fr/formations;
Certificat d'Aptitude Professionnelle Métiers de l'agriculture;CAP;3;AGRICULTURE, VITICULTURE, SYLVICULTURE ET ELEVAGE;Métiers de l'agriculture - MAGRI;EPLEFPA Les Sillons de Haute-Alsace;Wintzenheim;68920;Alsace;https://rouffach-wintzenheim.educagri.fr/;https://rouffach-wintzenheim.educagri.fr/formations;
Certificat d'Aptitude Professionnelle Travaux forestiers;CAP;3;AGRICULTURE, VITICULTURE, SYLVICULTURE ET ELEVAGE;Travaux forestiers - TF;Campus Terres de l'Aube;Les Loges-Margueron;10210;Champagne-Ardenne;https://campusterresdelaube.fr/;https://campusterresdelaube.fr/formations;Mars 2025 (à confirmer)
Certificat d'Aptitude Professionnelle Travaux forestiers;CAP;3;AGRICULTURE, VITICULTURE, SYLVICULTURE ET ELEVAGE;Travaux forestiers - TF;Campus Agro Environnemental;Saint-Laurent;08090;Champagne-Ardenne;https://campus-saintlaurent.fr/;https://campus-saintlaurent.fr/formations-par-filiere/foret;
Certificat d'Aptitude Professionnelle Travaux forestiers;CAP;3;AGRICULTURE, VITICULTURE, SYLVICULTURE ET ELEVAGE;Travaux forestiers - TF;EPL Agro de la Meuse;Bar-le-Duc;55000;Lorraine;https://eplagro55.fr/;https://eplagro55.fr/nos-formations/les-53-formations/capa-travaux-forestiers;
Certificat de Spécialisation Conduite de production en agriculture biologique, transformation et commercialisation;CS;3;AGRICULTURE, VITICULTURE, SYLVICULTURE ET ELEVAGE;Conduite de production en agriculture biologique, transformation et commercialisation;Avize Viti Campus;Avize;51190;Champagne-Ardenne;https://www.avizeviticampus.fr/;https://www.avizeviticampus.fr/centres/nos-formations-menu;
Certificat de Spécialisation Commercialisation des vins;CS;4;AGRICULTURE, VITICULTURE, SYLVICULTURE ET ELEVAGE;Commercialisation des vins;Avize Viti Campus;Avize;51190;Champagne-Ardenne;https://www.avizeviticampus.fr/;https://www.avizeviticampus.fr/centres/nos-formations-menu;
Certificat de Spécialisation Tracteurs et machines agricoles;CS;4;AGRICULTURE, VITICULTURE, SYLVICULTURE ET ELEVAGE;Tracteurs et machines agricoles;Avize Viti Campus;Avize;51190;Champagne-Ardenne;https://www.avizeviticampus.fr/;https://www.avizeviticampus.fr/centres/nos-formations-menu;
Certificat de Spécialisation Tracteurs et machines agricoles;CS;4;AGRICULTURE, VITICULTURE, SYLVICULTURE ET ELEVAGE;Tracteurs et machines agricoles;Campus Terres de l'Aube;Saint-Pouange;10210;Champagne-Ardenne;https://campusterresdelaube.fr/;https://campusterresdelaube.fr/presentation-du-campus-terres-de-laube/les-atouts-du-campus;Mars 2025 (à confirmer)
Certificat de Qualification Professionnelle Tractoriste agricole;CQP;4;AGRICULTURE, VITICULTURE, SYLVICULTURE ET ELEVAGE;Tractoriste agricole;MFR-CFA de Vigneulles;Vigneulles-lès-Hattonchâtel;55210;Lorraine;https://www.mfr-vigneulles.com/;https://www.mfr-vigneulles.com/nos-formations/;
Baccalauréat Général;BAC GÉNÉRAL;4;AGRICULTURE, VITICULTURE, SYLVICULTURE ET ELEVAGE;Général;EPLEFPA de Rethel;Rethel;08300;Champagne-Ardenne;https://eplefpa-rethel.fr/;https://eplefpa-rethel.fr/cfa-cfppa/;
Baccalauréat Général;BAC GÉNÉRAL;4;AGRICULTURE, VITICULTURE, SYLVICULTURE ET ELEVAGE;Général;Campus Terres de l'Aube;Saint-Pouange;10120;Champagne-Ardenne;https://campusterresdelaube.fr/;https://campusterresdelaube.fr/formations;Mars 2025 (à confirmer)
Baccalauréat Général;BAC GÉNÉRAL;4;AGRICULTURE, VITICULTURE, SYLVICULTURE ET ELEVAGE;Général;EPLEFPA de Châlons-en-Champagne;Somme-Vesle;51460;Champagne-Ardenne;https://eplefpachalonsenchampagne.fr/;https://eplefpachalonsenchampagne.fr/le-lycee/nos-formations;
Baccalauréat Général;BAC GÉNÉRAL;4;AGRICULTURE, VITICULTURE, SYLVICULTURE ET ELEVAGE;Général;Lycée LaSalle Reims-Thillois;Thillois;51370;Champagne-Ardenne;https://www.reimsthillois.fr/;https://www.reimsthillois.fr/etablissement/;21-22 mars 2025
Baccalauréat Général;BAC GÉNÉRAL;4;AGRICULTURE, VITICULTURE, SYLVICULTURE ET ELEVAGE;Général;Campus Agro Environnemental;Saint-Laurent;08090;Champagne-Ardenne;https://campus-saintlaurent.fr/;https://campus-saintlaurent.fr/formations-par-filiere/enseignement-general-et-technologique;
Baccalauréat Général;BAC GÉNÉRAL;4;AGRICULTURE, VITICULTURE, SYLVICULTURE ET ELEVAGE;Général;Lycée Sainte-Maure;Sainte-Maure;10150;Champagne-Ardenne;http://www.lyceesaintemaure.fr/;http://www.lyceesaintemaure.fr/l-formations;
Baccalauréat Général;BAC GÉNÉRAL;4;AGRICULTURE, VITICULTURE, SYLVICULTURE ET ELEVAGE;Général;Avize Viti Campus;Avize;51190;Champagne-Ardenne;https://www.avizeviticampus.fr/;https://www.avizeviticampus.fr/centres/nos-formations-menu;
Baccalauréat Général;BAC GÉNÉRAL;4;AGRICULTURE, VITICULTURE, SYLVICULTURE ET ELEVAGE;Général;EPLEFPA Edgard PISANI;Chamarandes-Choignes;52000;Champagne-Ardenne;https://edgard-pisani.educagri.fr/;https://edgard-pisani.educagri.fr/cfa/cfppa;
Baccalauréat Technologique Sciences et technologies de l'agronomie et du vivant;BAC TECHNO;4;AGRICULTURE, VITICULTURE, SYLVICULTURE ET ELEVAGE;Sciences et technologies de l'agronomie et du vivant - STAV;Campus de Courcelles-Chaussy;Courcelles-Chaussy;57530;Lorraine;https://campus-courcelles.fr/;https://campus-courcelles.fr/formations;
Baccalauréat Technologique Sciences et technologies de l'agronomie et du vivant;BAC TECHNO;4;AGRICULTURE, VITICULTURE, SYLVICULTURE ET ELEVAGE;Sciences et technologies de l'agronomie et du vivant - STAV;EPL Agro de la Meuse;Bar-le-Duc;55000;Lorraine;https://eplagro55.fr/;;
Baccalauréat Technologique Sciences et technologies de l'agronomie et du vivant;BAC TECHNO;4;AGRICULTURE, VITICULTURE, SYLVICULTURE ET ELEVAGE;Sciences et technologies de l'agronomie et du vivant - STAV;EPL54 Pixérécourt;Malzéville;54220;Lorraine;https://www.pixerecourt.fr/;;
Baccalauréat Technologique Sciences et technologies de l'agronomie et du vivant;BAC TECHNO;4;AGRICULTURE, VITICULTURE, SYLVICULTURE ET ELEVAGE;Sciences et technologies de l'agronomie et du vivant - STAV;EPL Val de Seille;Château-Salins;57170;Lorraine;https://www.epl-val-de-seille.fr/;;
Baccalauréat Technologique Sciences et technologies de l'agronomie et du vivant;BAC TECHNO;4;AGRICULTURE, VITICULTURE, SYLVICULTURE ET ELEVAGE;Sciences et technologies de l'agronomie et du vivant - STAV;Campus de Mirecourt;Mirecourt;88500;Lorraine;https://www.campusdemirecourt.fr/;;
Baccalauréat Technologique Sciences et technologies de l'agronomie et du vivant;BAC TECHNO;4;AGRICULTURE, VITICULTURE, SYLVICULTURE ET ELEVAGE;Sciences et technologies de l'agronomie et du vivant - STAV;EPLEFPA du Bas-Rhin;Obernai;67210;Alsace;https://obernai.educagri.fr/;;
Baccalauréat Technologique Sciences et technologies de l'agronomie et du vivant;BAC TECHNO;4;AGRICULTURE, VITICULTURE, SYLVICULTURE ET ELEVAGE;Sciences et technologies de l'agronomie et du vivant - STAV;EPLEFPA Les Sillons de Haute-Alsace;Rouffach;68250;Alsace;https://rouffach-wintzenheim.educagri.fr/;;
Baccalauréat Technologique Sciences et technologies de l'agronomie et du vivant;BAC TECHNO;4;AGRICULTURE, VITICULTURE, SYLVICULTURE ET ELEVAGE;Sciences et technologies de l'agronomie et du vivant - STAV;EPLEFPA Les Sillons de Haute-Alsace;Wintzenheim;68920;Alsace;https://rouffach-wintzenheim.educagri.fr/;;
Baccalauréat Technologique Sciences et technologies de l'agronomie et du vivant;BAC TECHNO;4;AGRICULTURE, VITICULTURE, SYLVICULTURE ET ELEVAGE;Sciences et technologies de l'agronomie et du vivant - STAV;Campus Agro Environnemental;Saint-Laurent;08090;Champagne-Ardenne;https://campus-saintlaurent.fr/;;
Baccalauréat Technologique Sciences et technologies de l'agronomie et du vivant;BAC TECHNO;4;AGRICULTURE, VITICULTURE, SYLVICULTURE ET ELEVAGE;Sciences et technologies de l'agronomie et du vivant - STAV;EPLEFPA Edgard PISANI;Chamarandes-Choignes;52000;Champagne-Ardenne;https://edgard-pisani.educagri.fr/;;
Baccalauréat Technologique Sciences et technologies de l'agronomie et du vivant;BAC TECHNO;4;AGRICULTURE, VITICULTURE, SYLVICULTURE ET ELEVAGE;Sciences et technologies de l'agronomie et du vivant - STAV;EPLEFPA de Rethel;Rethel;08300;Champagne-Ardenne;https://eplefpa-rethel.fr/;;
Baccalauréat Technologique Sciences et technologies de l'agronomie et du vivant;BAC TECHNO;4;AGRICULTURE, VITICULTURE, SYLVICULTURE ET ELEVAGE;Sciences et technologies de l'agronomie et du vivant - STAV;Campus Terres de l'Aube;Saint-Pouange;10120;Champagne-Ardenne;https://campusterresdelaube.fr/;;Mars 2025 (à confirmer)
Baccalauréat Technologique Sciences et technologies de l'agronomie et du vivant;BAC TECHNO;4;AGRICULTURE, VITICULTURE, SYLVICULTURE ET ELEVAGE;Sciences et technologies de l'agronomie et du vivant - STAV;EPLEFPA de Châlons-en-Champagne;Somme-Vesle;51460;Champagne-Ardenne;https://eplefpachalonsenchampagne.fr/;;
Baccalauréat Technologique Sciences et technologies de l'agronomie et du vivant;BAC TECHNO;4;AGRICULTURE, VITICULTURE, SYLVICULTURE ET ELEVAGE;Sciences et technologies de l'agronomie et du vivant - STAV;Lycée Sainte-Maure;Sainte-Maure;10150;Champagne-Ardenne;http://www.lyceesaintemaure.fr/;;
Baccalauréat Technologique Sciences et technologies de l'agronomie et du vivant;BAC TECHNO;4;AGRICULTURE, VITICULTURE, SYLVICULTURE ET ELEVAGE;Sciences et technologies de l'agronomie et du vivant - STAV;MFR de Gionges;Blancs-Coteaux;51130;Champagne-Ardenne;https://www.mfr-gionges.fr/;;
Baccalauréat Professionnel Conduite et gestion de l'entreprise agricole;BAC PRO;4;AGRICULTURE, VITICULTURE, SYLVICULTURE ET ELEVAGE;Conduite et gestion de l'entreprise agricole - CGEA;MFR de Stenay;Stenay;55700;Lorraine;https://mfr-stenay.fr/;;
Baccalauréat Professionnel Conduite et gestion de l'entreprise agricole;BAC PRO;4;AGRICULTURE, VITICULTURE, SYLVICULTURE ET ELEVAGE;Conduite et gestion de l'entreprise agricole - CGEA;EPL Val de Seille;Château-Salins;57170;Lorraine;https://www.epl-val-de-seille.fr/;;
Baccalauréat Professionnel Conduite et gestion de l'entreprise agricole;BAC PRO;4;AGRICULTURE, VITICULTURE, SYLVICULTURE ET ELEVAGE;Conduite et gestion de l'entreprise agricole - CGEA;EPL Agro de la Meuse;Bar-le-Duc;55000;Lorraine;https://eplagro55.fr/;;
Baccalauréat Professionnel Conduite et gestion de l'entreprise agricole;BAC PRO;4;AGRICULTURE, VITICULTURE, SYLVICULTURE ET ELEVAGE;Conduite et gestion de l'entreprise agricole - CGEA;EPL54 Pixérécourt;Malzéville;54220;Lorraine;https://www.pixerecourt.fr/;;
Baccalauréat Professionnel Conduite et gestion de l'entreprise agricole;BAC PRO;4;AGRICULTURE, VITICULTURE, SYLVICULTURE ET ELEVAGE;Conduite et gestion de l'entreprise agricole - CGEA;Campus de Courcelles-Chaussy;Courcelles-Chaussy;57530;Lorraine;https://campus-courcelles.fr/;;
Baccalauréat Professionnel Conduite et gestion de l'entreprise agricole;BAC PRO;4;AGRICULTURE, VITICULTURE, SYLVICULTURE ET ELEVAGE;Conduite et gestion de l'entreprise agricole - CGEA;MFR-CFA de Vigneulles;Vigneulles-lès-Hattonchâtel;55210;Lorraine;https://www.mfr-vigneulles.com/;;
Baccalauréat Professionnel Conduite et gestion de l'entreprise agricole;BAC PRO;4;AGRICULTURE, VITICULTURE, SYLVICULTURE ET ELEVAGE;Conduite et gestion de l'entreprise agricole - CGEA;MFR de Bulgnéville;Bulgnéville;88140;Lorraine;https://mfr-bulgneville.com/;;
Baccalauréat Professionnel Conduite et gestion de l'entreprise agricole;BAC PRO;4;AGRICULTURE, VITICULTURE, SYLVICULTURE ET ELEVAGE;Conduite et gestion de l'entreprise agricole - CGEA;MFR-CFR de Gugnécourt;Gugnécourt;88600;Lorraine;https://www.mfr-gugnecourt.fr/;;
Baccalauréat Professionnel Conduite et gestion de l'entreprise agricole;BAC PRO;4;AGRICULTURE, VITICULTURE, SYLVICULTURE ET ELEVAGE;Conduite et gestion de l'entreprise agricole - CGEA;Campus de Mirecourt;Mirecourt;88500;Lorraine;https://www.campusdemirecourt.fr/;;
Baccalauréat Professionnel Conduite et gestion de l'entreprise agricole;BAC PRO;4;AGRICULTURE, VITICULTURE, SYLVICULTURE ET ELEVAGE;Conduite et gestion de l'entreprise agricole - CGEA;EPLEFPA du Bas-Rhin;Obernai;67210;Alsace;https://obernai.educagri.fr/;;
Baccalauréat Professionnel Conduite et gestion de l'entreprise agricole;BAC PRO;4;AGRICULTURE, VITICULTURE, SYLVICULTURE ET ELEVAGE;Conduite et gestion de l'entreprise agricole - CGEA;EPLEFPA Les Sillons de Haute-Alsace;Rouffach;68250;Alsace;https://rouffach-wintzenheim.educagri.fr/;;
Baccalauréat Professionnel Conduite et gestion de l'entreprise agricole;BAC PRO;4;AGRICULTURE, VITICULTURE, SYLVICULTURE ET ELEVAGE;Conduite et gestion de l'entreprise agricole - CGEA;EPLEFPA Les Sillons de Haute-Alsace;Wintzenheim;68920;Alsace;https://rouffach-wintzenheim.educagri.fr/;;
Baccalauréat Professionnel Conduite et gestion de l'entreprise vitivinicole;BAC PRO;4;AGRICULTURE, VITICULTURE, SYLVICULTURE ET ELEVAGE;Conduite et gestion de l'entreprise vitivinicole - CGEVV;Campus Terres de l'Aube;Bar-sur-Seine;10110;Champagne-Ardenne;https://campusterresdelaube.fr/;;Mars 2025 (à confirmer)
Baccalauréat Professionnel Conduite et gestion de l'entreprise vitivinicole;BAC PRO;4;AGRICULTURE, VITICULTURE, SYLVICULTURE ET ELEVAGE;Conduite et gestion de l'entreprise vitivinicole - CGEVV;MFR de Gionges;Blancs-Coteaux;51130;Champagne-Ardenne;https://www.mfr-gionges.fr/;;
Baccalauréat Professionnel Conduite et gestion de l'entreprise vitivinicole;BAC PRO;4;AGRICULTURE, VITICULTURE, SYLVICULTURE ET ELEVAGE;Conduite et gestion de l'entreprise vitivinicole - CGEVV;Avize Viti Campus;Avize;51190;Champagne-Ardenne;https://www.avizeviticampus.fr/;;
Baccalauréat Professionnel Conduite et gestion de l'entreprise vitivinicole;BAC PRO;4;AGRICULTURE, VITICULTURE, SYLVICULTURE ET ELEVAGE;Conduite et gestion de l'entreprise vitivinicole - CGEVV;EPLEFPA Les Sillons de Haute-Alsace;Rouffach;68250;Alsace;https://rouffach-wintzenheim.educagri.fr/;;
Baccalauréat Professionnel Conduite et gestion de l'entreprise vitivinicole;BAC PRO;4;AGRICULTURE, VITICULTURE, SYLVICULTURE ET ELEVAGE;Conduite et gestion de l'entreprise vitivinicole - CGEVV;EPLEFPA Les Sillons de Haute-Alsace;Wintzenheim;68920;Alsace;https://rouffach-wintzenheim.educagri.fr/;;
Baccalauréat Professionnel Forêt;BAC PRO;4;AGRICULTURE, VITICULTURE, SYLVICULTURE ET ELEVAGE;Forêt;Campus Terres de l'Aube;Les Loges-Margueron;10210;Champagne-Ardenne;https://campusterresdelaube.fr/;;Mars 2025 (à confirmer)
Baccalauréat Professionnel Forêt;BAC PRO;4;AGRICULTURE, VITICULTURE, SYLVICULTURE ET ELEVAGE;Forêt;EPL Agro de la Meuse;Bar-le-Duc;55000;Lorraine;https://eplagro55.fr/;;
Baccalauréat Professionnel Forêt;BAC PRO;4;AGRICULTURE, VITICULTURE, SYLVICULTURE ET ELEVAGE;Forêt;Campus de Mirecourt;Mirecourt;88500;Lorraine;https://www.campusdemirecourt.fr/;;
Baccalauréat Professionnel Forêt;BAC PRO;4;AGRICULTURE, VITICULTURE, SYLVICULTURE ET ELEVAGE;Forêt;Lycée Louise Weiss;Sainte-Marie-aux-Mines;68160;Alsace;http://lycee-louiseweiss.fr/;;
Baccalauréat Professionnel Forêt;BAC PRO;4;AGRICULTURE, VITICULTURE, SYLVICULTURE ET ELEVAGE;Forêt;EPLEFPA Edgard PISANI;Chamarandes-Choignes;52000;Champagne-Ardenne;https://edgard-pisani.educagri.fr/;;
Baccalauréat Professionnel Forêt;BAC PRO;4;AGRICULTURE, VITICULTURE, SYLVICULTURE ET ELEVAGE;Forêt;EPLEFPA de Rethel;Rethel;08300;Champagne-Ardenne;https://eplefpa-rethel.fr/;;
Baccalauréat Professionnel Forêt;BAC PRO;4;AGRICULTURE, VITICULTURE, SYLVICULTURE ET ELEVAGE;Forêt;Campus Agro Environnemental;Saint-Laurent;08090;Champagne-Ardenne;https://campus-saintlaurent.fr/;;
Brevet Professionnel Responsable d'entreprise agricole;BP;4;AGRICULTURE, VITICULTURE, SYLVICULTURE ET ELEVAGE;Responsable d'entreprise agricole - REA;Campus Terres de l'Aube;Saint-Pouange;10120;Champagne-Ardenne;https://campusterresdelaube.fr/;;Mars 2025 (à confirmer)
Brevet Professionnel Responsable d'entreprise agricole;BP;4;AGRICULTURE, VITICULTURE, SYLVICULTURE ET ELEVAGE;Responsable d'entreprise agricole - REA;EPL Agro de la Meuse;Bar-le-Duc;55000;Lorraine;https://eplagro55.fr/;;
Brevet Professionnel Responsable d'entreprise agricole;BP;4;AGRICULTURE, VITICULTURE, SYLVICULTURE ET ELEVAGE;Responsable d'entreprise agricole - REA;Campus de Courcelles-Chaussy;Courcelles-Chaussy;57530;Lorraine;https://campus-courcelles.fr/;;
Brevet Professionnel Responsable d'entreprise agricole;BP;4;AGRICULTURE, VITICULTURE, SYLVICULTURE ET ELEVAGE;Responsable d'entreprise agricole - REA;ALPA;Haroué;54740;Lorraine;https://alpa-haroue.fr/;;
Brevet Professionnel Agricole Travaux de la production animale;BPA;4;AGRICULTURE, VITICULTURE, SYLVICULTURE ET ELEVAGE;Travaux de la production animale - TPA (Ouvrier d'élevage de ruminants et de cultures fourragères);Campus Agro Environnemental;Saint-Laurent;08090;Champagne-Ardenne;https://campus-saintlaurent.fr/;;
Brevet Professionnel Agricole Travaux de la production animale;BPA;4;AGRICULTURE, VITICULTURE, SYLVICULTURE ET ELEVAGE;Travaux de la production animale - TPA (Ouvrier d'élevage de ruminants et de cultures fourragères);ALPA;Haroué;54740;Lorraine;https://alpa-haroue.fr/;;
Certificat de Spécialisation Conduite d'un élevage bovin viande;CS;4;AGRICULTURE, VITICULTURE, SYLVICULTURE ET ELEVAGE;Conduite d'un élevage bovin viande;EPL Agro de la Meuse;Bar-le-Duc;55000;Lorraine;https://eplagro55.fr/;;
Certificat de Spécialisation Production, transformation et commercialisation des produits fermiers;CS;4;AGRICULTURE, VITICULTURE, SYLVICULTURE ET ELEVAGE;Production, transformation et commercialisation des produits fermiers;EPL Agro de la Meuse;Bar-le-Duc;55000;Lorraine;https://eplagro55.fr/;;
Certificat de Spécialisation Production, transformation et commercialisation des produits fermiers;CS;4;AGRICULTURE, VITICULTURE, SYLVICULTURE ET ELEVAGE;Production, transformation et commercialisation des produits fermiers;ALPA;Haroué;54740;Lorraine;https://alpa-haroue.fr/;;
Certificat de Spécialisation Production, transformation et commercialisation des produits fermiers;CS;4;AGRICULTURE, VITICULTURE, SYLVICULTURE ET ELEVAGE;Production, transformation et commercialisation des produits fermiers;MFR de Ramonchamp;Ramonchamp;88160;Lorraine;https://mfr4vents.fr/;;
Certificat de Spécialisation Responsable d'unité de méthanisation agricole;CS;4;AGRICULTURE, VITICULTURE, SYLVICULTURE ET ELEVAGE;Responsable d'unité de méthanisation agricole;EPL Agro de la Meuse;Bar-le-Duc;55000;Lorraine;https://eplagro55.fr/;;
Brevet de Technicien Supérieur Agricole Agronomie et cultures durables;BTSA;5;AGRICULTURE, VITICULTURE, SYLVICULTURE ET ELEVAGE;Agronomie et cultures durables - ACD;Lycée Sainte-Maure;Sainte-Maure;10150;Champagne-Ardenne;http://www.lyceesaintemaure.fr/;;
Brevet de Technicien Supérieur Agricole Agronomie et cultures durables;BTSA;5;AGRICULTURE, VITICULTURE, SYLVICULTURE ET ELEVAGE;Agronomie et cultures durables - ACD;EPLEFPA de Châlons-en-Champagne;Somme-Vesle;51460;Champagne-Ardenne;https://eplefpachalonsenchampagne.fr/;;
Brevet de Technicien Supérieur Agricole Agronomie et cultures durables;BTSA;5;AGRICULTURE, VITICULTURE, SYLVICULTURE ET ELEVAGE;Agronomie et cultures durables - ACD;EPLEFPA de Rethel;Rethel;08300;Champagne-Ardenne;https://eplefpa-rethel.fr/;;
Brevet de Technicien Supérieur Agricole Agronomie et cultures durables;BTSA;5;AGRICULTURE, VITICULTURE, SYLVICULTURE ET ELEVAGE;Agronomie et cultures durables - ACD;Campus de Courcelles-Chaussy;Courcelles-Chaussy;57530;Lorraine;https://campus-courcelles.fr/;;
Brevet de Technicien Supérieur Agricole Agronomie et cultures durables;BTSA;5;AGRICULTURE, VITICULTURE, SYLVICULTURE ET ELEVAGE;Agronomie et cultures durables - ACD;EPLEFPA du Bas-Rhin;Obernai;67210;Alsace;https://obernai.educagri.fr/;;
Brevet de Technicien Supérieur Agricole Analyse, conduite et stratégie de l'entreprise agricole;BTSA;5;AGRICULTURE, VITICULTURE, SYLVICULTURE ET ELEVAGE;Analyse, conduite et stratégie de l'entreprise agricole - ACSE/ACS'AGRI;EPLEFPA de Rethel;Rethel;08300;Champagne-Ardenne;https://eplefpa-rethel.fr/;;
Brevet de Technicien Supérieur Agricole Analyse, conduite et stratégie de l'entreprise agricole;BTSA;5;AGRICULTURE, VITICULTURE, SYLVICULTURE ET ELEVAGE;Analyse, conduite et stratégie de l'entreprise agricole - ACSE/ACS'AGRI;Campus Terres de l'Aube;Les Loges-Margueron;10210;Champagne-Ardenne;https://campusterresdelaube.fr/;;Mars 2025 (à confirmer)
Brevet de Technicien Supérieur Agricole Analyse, conduite et stratégie de l'entreprise agricole;BTSA;5;AGRICULTURE, VITICULTURE, SYLVICULTURE ET ELEVAGE;Analyse, conduite et stratégie de l'entreprise agricole - ACSE/ACS'AGRI;Lycée La Salle Reims-Thillois;Thillois;51370;Champagne-Ardenne;https://www.reimsthillois.fr/;;21-22 mars 2025
Brevet de Technicien Supérieur Agricole Analyse, conduite et stratégie de l'entreprise agricole;BTSA;5;AGRICULTURE, VITICULTURE, SYLVICULTURE ET ELEVAGE;Analyse, conduite et stratégie de l'entreprise agricole - ACSE/ACS'AGRI;EPL Agro de la Meuse;Bar-le-Duc;55000;Lorraine;https://eplagro55.fr/;;
Brevet de Technicien Supérieur Agricole Analyse, conduite et stratégie de l'entreprise agricole;BTSA;5;AGRICULTURE, VITICULTURE, SYLVICULTURE ET ELEVAGE;Analyse, conduite et stratégie de l'entreprise agricole - ACSE/ACS'AGRI;EPL Val de Seille;Château-Salins;57170;Lorraine;https://www.epl-val-de-seille.fr/;;
Brevet de Technicien Supérieur Agricole Analyse, conduite et stratégie de l'entreprise agricole;BTSA;5;AGRICULTURE, VITICULTURE, SYLVICULTURE ET ELEVAGE;Analyse, conduite et stratégie de l'entreprise agricole - ACSE/ACS'AGRI;EPL54 de Pixérécourt;Malzéville;54220;Lorraine;https://www.pixerecourt.fr/;;
Brevet de Technicien Supérieur Agricole Analyse, conduite et stratégie de l'entreprise agricole;BTSA;5;AGRICULTURE, VITICULTURE, SYLVICULTURE ET ELEVAGE;Analyse, conduite et stratégie de l'entreprise agricole - ACSE/ACS'AGRI;ALPA;Haroué;54740;Lorraine;https://alpa-haroue.fr/;;
Brevet de Technicien Supérieur Agricole Analyse, conduite et stratégie de l'entreprise agricole;BTSA;5;AGRICULTURE, VITICULTURE, SYLVICULTURE ET ELEVAGE;Analyse, conduite et stratégie de l'entreprise agricole - ACSE/ACS'AGRI;Campus de Mirecourt;Mirecourt;88500;Lorraine;https://www.campusdemirecourt.fr/;;
Brevet de Technicien Supérieur Agricole Analyse, conduite et stratégie de l'entreprise agricole;BTSA;5;AGRICULTURE, VITICULTURE, SYLVICULTURE ET ELEVAGE;Analyse, conduite et stratégie de l'entreprise agricole - ACSE/ACS'AGRI;MFR-CFR de Gugnécourt;Gugnécourt;88600;Lorraine;https://www.mfr-gugnecourt.fr/;;
Brevet de Technicien Supérieur Agricole Analyse, conduite et stratégie de l'entreprise agricole;BTSA;5;AGRICULTURE, VITICULTURE, SYLVICULTURE ET ELEVAGE;Analyse, conduite et stratégie de l'entreprise agricole - ACSE/ACS'AGRI;EPLEFPA du Bas-Rhin;Obernai;67210;Alsace;https://obernai.educagri.fr/;;
Brevet de Technicien Supérieur Agricole Génie des équipements agricoles;BTSA;5;AGRICULTURE, VITICULTURE, SYLVICULTURE ET ELEVAGE;Génie des équipements agricoles - GDEA;Lycée Somme-Suippe;Somme-Suippe;51600;Champagne-Ardenne;http://lyceesommesuippe.fr/;;
Brevet de Technicien Supérieur Agricole Génie des équipements agricoles;BTSA;5;AGRICULTURE, VITICULTURE, SYLVICULTURE ET ELEVAGE;Génie des équipements agricoles - GDEA;Campus de Courcelles-Chaussy;Courcelles-Chaussy;57530;Lorraine;https://campus-courcelles.fr/;;
Brevet de Technicien Supérieur Agricole Gestion et maîtrise de l'eau;BTSA;5;AGRICULTURE, VITICULTURE, SYLVICULTURE ET ELEVAGE;Gestion et maîtrise de l'eau - GEMEAU;Lycée Sainte-Maure;Sainte-Maure;10150;Champagne-Ardenne;http://www.lyceesaintemaure.fr/;;
Brevet de Technicien Supérieur Agricole Gestion et maîtrise de l'eau;BTSA;5;AGRICULTURE, VITICULTURE, SYLVICULTURE ET ELEVAGE;Gestion et maîtrise de l'eau - GEMEAU;Campus Courcelles-Chaussy;Courcelles-Chaussy;57530;Lorraine;https://campus-courcelles.fr/;;
Brevet de Technicien Supérieur Agricole Gestion et maîtrise de l'eau;BTSA;5;AGRICULTURE, VITICULTURE, SYLVICULTURE ET ELEVAGE;Gestion et maîtrise de l'eau - GEMEAU;EPLEFPA du Bas-Rhin;Obernai;67210;Alsace;https://obernai.educagri.fr/;;
Brevet de Technicien Supérieur Agricole Gestion forestière;BTSA;5;AGRICULTURE, VITICULTURE, SYLVICULTURE ET ELEVAGE;Gestion forestière - GF;Campus Terres de l'Aube;Les Loges-Margueron;10210;Champagne-Ardenne;https://campusterresdelaube.fr/;;Mars 2025 (à confirmer)
Brevet de Technicien Supérieur Agricole Gestion forestière;BTSA;5;AGRICULTURE, VITICULTURE, SYLVICULTURE ET ELEVAGE;Gestion forestière - GF;Campus Agro Environnemental;Saint-Laurent;08090;Champagne-Ardenne;https://campus-saintlaurent.fr/;;
Brevet de Technicien Supérieur Agricole Gestion forestière;BTSA;5;AGRICULTURE, VITICULTURE, SYLVICULTURE ET ELEVAGE;Gestion forestière - GF;Campus de Mirecourt;Haroué;54740;Lorraine;https://www.campusdemirecourt.fr/;;
Brevet de Technicien Supérieur Agricole Métiers de l'élevage;BTSA;5;AGRICULTURE, VITICULTURE, SYLVICULTURE ET ELEVAGE;Métiers de l'élevage- Développement, production, conseil;EPLEFPA de Rethel;Rethel;08300;Champagne-Ardenne;https://eplefpa-rethel.fr/;;
Brevet de Technicien Supérieur Agricole Métiers de l'élevage;BTSA;5;AGRICULTURE, VITICULTURE, SYLVICULTURE ET ELEVAGE;Métiers de l'élevage- Développement, production, conseil;EPL54 de Pixérécourt;Malzéville;54220;Lorraine;https://www.pixerecourt.fr/;;
Brevet de Technicien Supérieur Agricole Métiers du végétal;BTSA;5;AGRICULTURE, VITICULTURE, SYLVICULTURE ET ELEVAGE;Métiers du végétal - Alimentation, ornement et environnement - AOE;École de Roville;Roville-aux-Chênes;88700;Lorraine;https://www.roville.fr/;;
Brevet de Technicien Supérieur Agricole Métiers du végétal;BTSA;5;AGRICULTURE, VITICULTURE, SYLVICULTURE ET ELEVAGE;Métiers du végétal - Alimentation, ornement et environnement - AOE;EPLEFPA Les Sillons de Haute-Alsace;Rouffach;68250;Alsace;https://rouffach-wintzenheim.educagri.fr/;;
Brevet de Technicien Supérieur Agricole Métiers du végétal;BTSA;5;AGRICULTURE, VITICULTURE, SYLVICULTURE ET ELEVAGE;Métiers du végétal - Alimentation, ornement et environnement - AOE;EPLEFPA Les Sillons de Haute-Alsace;Wintzenheim;68920;Alsace;https://rouffach-wintzenheim.educagri.fr/;;
Brevet de Technicien Supérieur Agricole Métiers du végétal;BTSA;5;AGRICULTURE, VITICULTURE, SYLVICULTURE ET ELEVAGE;Métiers du végétal - Alimentation, ornement et environnement - AOE;EPLEFPA Edgard Pisani;Chamarandes-Choignes;52000;Champagne-Ardenne;https://edgard-pisani.educagri.fr/;;
Brevet de Technicien Supérieur Agricole Productions animales;BTSA;5;AGRICULTURE, VITICULTURE, SYLVICULTURE ET ELEVAGE;Productions animales - PA;EPL54 de Pixérécourt;Malzéville;54220;Lorraine;https://www.pixerecourt.fr/;;
Brevet de Technicien Supérieur Agricole Productions animales;BTSA;5;AGRICULTURE, VITICULTURE, SYLVICULTURE ET ELEVAGE;Productions animales - PA;MFR de Ramonchamp;Ramonchamp;88160;Lorraine;https://mfr4vents.fr/;;
Brevet de Technicien Supérieur Agricole Viticulture-Œnologie;BTSA;5;AGRICULTURE, VITICULTURE, SYLVICULTURE ET ELEVAGE;Viticulture-Œnologie - VO;Avize Viti Campus;Avize;51190;Champagne-Ardenne;https://www.avizeviticampus.fr/;;
Brevet de Technicien Supérieur Agricole Viticulture-Œnologie;BTSA;5;AGRICULTURE, VITICULTURE, SYLVICULTURE ET ELEVAGE;Viticulture-Œnologie - VO;Campus Terres de l'Aube;Saint-Pouange;10120;Champagne-Ardenne;https://campusterresdelaube.fr/;;Mars 2025 (à confirmer)
Brevet de Technicien Supérieur Agricole Viticulture-Œnologie;BTSA;5;AGRICULTURE, VITICULTURE, SYLVICULTURE ET ELEVAGE;Viticulture-Œnologie - VO;MFR de Gionges;Blancs-Coteaux;51130;Champagne-Ardenne;https://www.mfr-gionges.fr/;;
Brevet de Technicien Supérieur Agricole Viticulture-Œnologie;BTSA;5;AGRICULTURE, VITICULTURE, SYLVICULTURE ET ELEVAGE;Viticulture-Œnologie - VO;EPLEFPA Les Sillons de Haute-Alsace;Rouffach;68250;Alsace;https://rouffach-wintzenheim.educagri.fr/;;
Brevet de Technicien Supérieur Agricole Viticulture-Œnologie;BTSA;5;AGRICULTURE, VITICULTURE, SYLVICULTURE ET ELEVAGE;Viticulture-Œnologie - VO;EPLEFPA Les Sillons de Haute-Alsace;Wintzenheim;68920;Alsace;https://rouffach-wintzenheim.educagri.fr/;;
Spécialisation d'Initiative Locale Technicien conseil en agroforesterie;SIL;5;AGRICULTURE, VITICULTURE, SYLVICULTURE ET ELEVAGE;Technicien conseil en agroforesterie;Campus Terres de l'Aube;Les Loges-Margueron;10210;Champagne-Ardenne;https://campusterresdelaube.fr/;;Mars 2025 (à confirmer)
Certificat de Profession Technicien forestier;CP;5;AGRICULTURE, VITICULTURE, SYLVICULTURE ET ELEVAGE;Technicien forestier;Campus Terres de l'Aube;Les Loges-Margueron;10210;Champagne-Ardenne;https://campusterresdelaube.fr/;;Mars 2025 (à confirmer)
Diplôme Universitaire Mise en œuvre d’une unité de méthanisation;DU;6;AGRICULTURE, VITICULTURE, SYLVICULTURE ET ELEVAGE;Mise en œuvre d’une unité de méthanisation;ENSAIA, Univ. Lorraine;Vandoeuvre-lès-Nancy;54500;Lorraine;;;
Licence Professionnelle Métiers de la vigne et du vin;LICENCE PROFESSIONNELLE;6;AGRICULTURE, VITICULTURE, SYLVICULTURE ET ELEVAGE;Métiers de la vigne et du vin;UFR SEN, Univ. de Reims Champagne-Ardenne;Reims;51100;Champagne-Ardenne;;;
Licence Professionnelle Productions végétales;LICENCE PROFESSIONNELLE;6;AGRICULTURE, VITICULTURE, SYLVICULTURE ET ELEVAGE;Productions végétales;UFR SEN, Univ. de Reims Champagne-Ardenne;Reims;51100;Champagne-Ardenne;;;
Licence Professionnelle Productions végétales;LICENCE PROFESSIONNELLE;6;AGRICULTURE, VITICULTURE, SYLVICULTURE ET ELEVAGE;Productions végétales;EPLEFPA de Rethel;Rethel;08300;Champagne-Ardenne;https://eplefpa-rethel.fr/;;
Licence Professionnelle Valorisation des agro-ressources;LICENCE PROFESSIONNELLE;6;AGRICULTURE, VITICULTURE, SYLVICULTURE ET ELEVAGE;Valorisation des agro-ressources;FST, Univ. Haute-Alsace;Mulhouse;68200;Alsace;;;
Licence Professionnelle Industrie agroalimentaire : gestion, production et valorisation;LICENCE PROFESSIONNELLE;6;AGRICULTURE, VITICULTURE, SYLVICULTURE ET ELEVAGE;Industrie agroalimentaire : gestion, production et valorisation;UFR SEN, Université de Reims Champagne-Ardenne;Reims;51100;Champagne-Ardenne;;;
Licence Professionnelle Industrie agroalimentaire : gestion, production et valorisation;LICENCE PROFESSIONNELLE;6;AGRICULTURE, VITICULTURE, SYLVICULTURE ET ELEVAGE;Industrie agroalimentaire : gestion, production et valorisation;EPLEFPA de Rethel;Rethel;08300;Champagne-Ardenne;https://eplefpa-rethel.fr/;;
Licence Professionnelle Métiers du bois;LICENCE PROFESSIONNELLE;6;AGRICULTURE, VITICULTURE, SYLVICULTURE ET ELEVAGE;Métiers du bois - MB;UFR SEN, Univ. de Reims Champagne-Ardenne;Reims;51100;Champagne-Ardenne;;;
Licence Professionnelle Métiers du bois;LICENCE PROFESSIONNELLE;6;AGRICULTURE, VITICULTURE, SYLVICULTURE ET ELEVAGE;Métiers du bois - MB;CFPPA de Saint-Laurent;Saint-Laurent;08090;Champagne-Ardenne;https://campus-saintlaurent.fr/;;
Licence Professionnelle Métiers de la protection et de la gestion de l’environnement;LICENCE PROFESSIONNELLE;6;AGRICULTURE, VITICULTURE, SYLVICULTURE ET ELEVAGE;Métiers de la protection et de la gestion de l’environnement;UFR de géographie, Univ. Strasbourg, ENGEES;Strasbourg;67000;Alsace;;;
Licence Sciences de la vie;LICENCE;6;AGRICULTURE, VITICULTURE, SYLVICULTURE ET ELEVAGE;Sciences de la vie - SV;UFR SEN, Univ. de Reims Champagne-Ardenne;Reims;51100;Champagne-Ardenne;;;
Licence Sciences de la vie;LICENCE;6;AGRICULTURE, VITICULTURE, SYLVICULTURE ET ELEVAGE;Sciences de la vie - SV;FST, Univ. Lorraine;Vandœuvre-lès-Nancy;54500;Lorraine;;;
Licence Sciences de la vie;LICENCE;6;AGRICULTURE, VITICULTURE, SYLVICULTURE ET ELEVAGE;Sciences de la vie - SV;UFR SciFA, Univ. Lorraine;Metz;57070;Lorraine;;;
Licence Sciences de la vie;LICENCE;6;AGRICULTURE, VITICULTURE, SYLVICULTURE ET ELEVAGE;Sciences de la vie - SV;IUT Colmar, Univ. Haute-Alsace;Colmar;68000;Alsace;;;
Licence Sciences de la vie;LICENCE;6;AGRICULTURE, VITICULTURE, SYLVICULTURE ET ELEVAGE;Sciences de la vie - SV;FSV, Univ. Strasbourg;Strasbourg;67000;Alsace;;;
Licence Sciences de la vie et de la terre;LICENCE;6;AGRICULTURE, VITICULTURE, SYLVICULTURE ET ELEVAGE;Sciences de la vie et de la terre - SVT;UFR SEN, Univ. de Reims Champagne-Ardenne;Reims;51100;Champagne-Ardenne;;;
Licence Sciences de la terre;LICENCE;6;AGRICULTURE, VITICULTURE, SYLVICULTURE ET ELEVAGE;Sciences de la terre;FST, Univ. Lorraine;Vandœuvre-lès-Nancy;54500;Lorraine;;;
Licence Sciences de la terre;LICENCE;6;AGRICULTURE, VITICULTURE, SYLVICULTURE ET ELEVAGE;Sciences de la terre;EOST, Univ. Strasbourg;Strasbourg;67000;Alsace;;;
Master Agrosciences, environnement, territoires, paysage, forêt;MASTER;7;AGRICULTURE, VITICULTURE, SYLVICULTURE ET ELEVAGE;Agrosciences, environnement, territoires, paysage, forêt - AETPF;FST, Univ. Lorraine & AgroParisTech;Vandœuvre-lès-Nancy;54500;Lorraine;;;
Master Agrosciences, environnement, territoires, paysage, forêt;MASTER;7;AGRICULTURE, VITICULTURE, SYLVICULTURE ET ELEVAGE;Agrosciences, environnement, territoires, paysage, forêt - AETPF;ENSAIA, Univ. Lorraine;Vandœuvre-lès-Nancy;54500;Lorraine;;;
Master Biologie, agrosciences;MASTER;7;AGRICULTURE, VITICULTURE, SYLVICULTURE ET ELEVAGE;Biologie, agrosciences - BAS;UFR SEN, Univ. de Reims Champagne-Ardenne;Reims;51100;Champagne-Ardenne;;;
Master European tourism, wine and agrifood management;MASTER;7;AGRICULTURE, VITICULTURE, SYLVICULTURE ET ELEVAGE;European tourism, wine and agrifood management - ETWAM;EM Strasbourg Business School;Strasbourg;67000;Alsace;;;
Master Sciences et technologies de l’agriculture, de l’alimentation et de l’environnement;MASTER;7;AGRICULTURE, VITICULTURE, SYLVICULTURE ET ELEVAGE;Sciences et technologies de l’agriculture, de l’alimentation et de l’environnement - ST2AE;FST, Univ. Haute-Alsace;Mulhouse;68200;Alsace;;;
Master Sciences de la vigne et du vin;MASTER;7;AGRICULTURE, VITICULTURE, SYLVICULTURE ET ELEVAGE;Sciences de la vigne et du vin - SVV;UFR SEN, Univ. de Reims Champagne-Ardenne;Reims;51100;Champagne-Ardenne;;;
Master Risques et environnement;MASTER;7;AGRICULTURE, VITICULTURE, SYLVICULTURE ET ELEVAGE;Risques et environnement - RE;Campus Terres de l’Aube;Les Loges-Margueron;10210;Champagne-Ardenne;https://campusterresdelaube.fr/;;Mars 2025 (à confirmer)
Master Gestion de l’environnement;MASTER;7;AGRICULTURE, VITICULTURE, SYLVICULTURE ET ELEVAGE;Gestion de l’environnement - GESTE;UFR SciFA, Univ. Lorraine;Metz;57070;Lorraine;;;
Master Nutrition et sciences des aliments;MASTER;7;AGRICULTURE, VITICULTURE, SYLVICULTURE ET ELEVAGE;Nutrition et sciences des aliments - NSA;FST, Univ. Lorraine;Vandœuvre-lès-Nancy;54500;Lorraine;;;
Master Nutrition et sciences des aliments;MASTER;7;AGRICULTURE, VITICULTURE, SYLVICULTURE ET ELEVAGE;Nutrition et sciences des aliments - NSA;ENSAIA, Univ. Lorraine;Vandœuvre-lès-Nancy;54500;Lorraine;;;
Master of Science Wine & gastronomy;MSc;7;AGRICULTURE, VITICULTURE, SYLVICULTURE ET ELEVAGE;Wine & gastronomy;Neoma Business School;Reims;51100;Champagne-Ardenne;;;
Ingénieur Agronome;INGÉNIEUR;7;AGRICULTURE, VITICULTURE, SYLVICULTURE ET ELEVAGE;Agronome;ENSAIA, Univ. Lorraine;Vandœuvre-lès-Nancy;54500;Lorraine;;;
Ingénieur Génie urbain et environnement;INGÉNIEUR;7;AGRICULTURE, VITICULTURE, SYLVICULTURE ET ELEVAGE;Génie urbain et environnement;UFR SEN, Univ. de Reims Champagne-Ardenne;Reims;51100;Champagne-Ardenne;;;
Ingénieur Génie thermique, énergétique et environnement;INGÉNIEUR;7;AGRICULTURE, VITICULTURE, SYLVICULTURE ET ELEVAGE;Génie thermique, énergétique et environnement;INSA Strasbourg;Strasbourg;67000;Alsace;;;
Ingénieur Industries agroalimentaires;INGÉNIEUR;7;AGRICULTURE, VITICULTURE, SYLVICULTURE ET ELEVAGE;Industries agroalimentaires;Campus Terres de l’Aube;Les Loges-Margueron;10210;Champagne-Ardenne;https://campusterresdelaube.fr/;;Mars 2025 (à confirmer)
Ingénieur Industries bois;INGÉNIEUR;7;AGRICULTURE, VITICULTURE, SYLVICULTURE ET ELEVAGE;Industries bois;ENSTIB, Univ. Lorraine;Épinal;88000;Lorraine;;;
Brevet de Technicien Supérieur BioAnalyses et contrôles;BTS;5;CHIMIE ET BIOTECHNOLOGIES;BioAnalyses et contrôles / BioAnalyses en laboratoire de contrôle BLC;Lycée Hugues Libergier;Reims;51100;Champagne-Ardenne;http://lycee-libergier.fr/;;
Brevet de Technicien Supérieur BioAnalyses et contrôles;BTS;5;CHIMIE ET BIOTECHNOLOGIES;BioAnalyses et contrôles / BioAnalyses en laboratoire de contrôle BLC;Lycée Georges de la Tour;Metz;57000;Lorraine;http://www.lycee-georges-de-la-tour-metz.fr/;;
Brevet de Technicien Supérieur BioAnalyses et contrôles;BTS;5;CHIMIE ET BIOTECHNOLOGIES;BioAnalyses et contrôles / BioAnalyses en laboratoire de contrôle BLC;Lycée Jean Rostand;Strasbourg;67000;Alsace;http://www.lycee-jean-rostand.fr/;;
Brevet de Technicien Supérieur BioAnalyses et contrôles;BTS;5;CHIMIE ET BIOTECHNOLOGIES;BioAnalyses et contrôles / BioAnalyses en laboratoire de contrôle BLC;École Supérieure Horizon;Strasbourg;67000;Alsace;https://www.horizon-strasbourg.com/;;
Brevet de Technicien Supérieur Bioqualité;BTS;5;CHIMIE ET BIOTECHNOLOGIES;Bioqualité;Lycée Les Lombards;Troyes;10000;Champagne-Ardenne;http://www.lycee-lombards.fr/;;
Brevet de Technicien Supérieur Bioqualité;BTS;5;CHIMIE ET BIOTECHNOLOGIES;Bioqualité;École supérieure ISEQ;Metz;57000;Lorraine;https://www.iseq.fr/;;
Brevet de Technicien Supérieur Bioqualité;BTS;5;CHIMIE ET BIOTECHNOLOGIES;Bioqualité;Lycée Jean Rostand;Strasbourg;67000;Alsace;http://www.lycee-jean-rostand.fr/;;
Brevet de Technicien Supérieur Bioqualité;BTS;5;CHIMIE ET BIOTECHNOLOGIES;Bioqualité;École Supérieure Horizon;Strasbourg;67000;Alsace;https://www.horizon-strasbourg.com/;;
Brevet de Technicien Supérieur Biotechnologies;BTS;5;CHIMIE ET BIOTECHNOLOGIES;Biotechnologies / Biotechnologies en recherche et production;Lycée Les Lombards;Troyes;10000;Champagne-Ardenne;http://www.lycee-lombards.fr/;;
Brevet de Technicien Supérieur Biotechnologies;BTS;5;CHIMIE ET BIOTECHNOLOGIES;Biotechnologies / Biotechnologies en recherche et production;Lycée Arthur Varoquaux;Tomblaine;54510;Lorraine;http://www.lycee-varoquaux.fr/;;
Brevet de Technicien Supérieur Biotechnologies;BTS;5;CHIMIE ET BIOTECHNOLOGIES;Biotechnologies / Biotechnologies en recherche et production;Lycée Jean Rostand;Strasbourg;67000;Alsace;http://www.lycee-jean-rostand.fr/;;
Brevet de Technicien Supérieur Métiers de la chimie;BTS;5;CHIMIE ET BIOTECHNOLOGIES;Métiers de la chimie;Lycée Hugues Libergier;Reims;51100;Champagne-Ardenne;http://lycee-libergier.fr/;;
Brevet de Technicien Supérieur Métiers de la chimie;BTS;5;CHIMIE ET BIOTECHNOLOGIES;Métiers de la chimie;Lycée Louis Vincent;Metz;57000;Lorraine;http://www.lyceelouisvincent.fr/;;
Brevet de Technicien Supérieur Métiers de la chimie;BTS;5;CHIMIE ET BIOTECHNOLOGIES;Métiers de la chimie;Lycée Laurent de Lavoisier;Mulhouse;68059;Alsace;http://www.lycee-lavoisier-mulhouse.fr/;;
Bachelor Universitaire de Technologie Chimie;BUT;6;CHIMIE ET BIOTECHNOLOGIES;Chimie;IUT Moselle-Est, Univ. Lorraine;Saint-Avold;57500;Lorraine;;;
Bachelor Universitaire de Technologie Chimie;BUT;6;CHIMIE ET BIOTECHNOLOGIES;Chimie;IUT R. Schuman, Univ. Strasbourg;Illkirch-Graffenstaden;67400;Alsace;;;
Bachelor Universitaire de Technologie Génie chimique - Génie des procédés;BUT;6;CHIMIE ET BIOTECHNOLOGIES;Génie chimique - Génie des procédés - GCGP;IUT Nancy-Brabois, Univ. Lorraine;Villers-lès-Nancy;54600;Lorraine;;;
Licence Professionnelle Bio-industries et biotechnologies;LICENCE PROFESSIONNELLE;6;CHIMIE ET BIOTECHNOLOGIES;Bio-industries et biotechnologies - BBT;UFR SEN, Univ. Reims Champagne Ardenne;Reims;51100;Champagne-Ardenne;;;
Licence Professionnelle Bio-industries et biotechnologies;LICENCE PROFESSIONNELLE;6;CHIMIE ET BIOTECHNOLOGIES;Bio-industries et biotechnologies - BBT;IUT Colmar, Univ. Haute-Alsace;Colmar;68000;Alsace;;;
Licence Professionnelle Industries pharmaceutiques, cosmétologiques et de santé;LICENCE PROFESSIONNELLE;7;CHIMIE ET BIOTECHNOLOGIES;Industries pharmaceutiques, cosmétologiques et de santé : gestion, production et valorisation;UFR de pharmacie, Univ. Strasbourg;Illkirch-Graffenstaden;67400;Alsace;;;
Master Biotechnologies;MASTER;7;CHIMIE ET BIOTECHNOLOGIES;Biotechnologies;ESBS, Univ. Strasbourg;Illkirch-Graffenstaden;67400;Alsace;;;
Brevet de Technicien Supérieur Biochimie / Biologie – Santé;BTS;7;CHIMIE ET BIOTECHNOLOGIES;Biochimie / Biologie – Santé - BS;UFR SEN, Univ. Reims Champagne Ardenne;Reims;51100;Champagne-Ardenne;;;
Brevet de Technicien Supérieur Biochimie / Biologie – Santé;BTS;7;CHIMIE ET BIOTECHNOLOGIES;Biochimie / Biologie – Santé - BS;UFR de médecine, Univ. Strasbourg;Strasbourg;67000;Alsace;;;
Diplôme Universitaire CMI : Biotechnologies en microbiologie et ingénierie moléculaire;DU;7;CHIMIE ET BIOTECHNOLOGIES;CMI : Biotechnologies en microbiologie et ingénierie moléculaire - BIOMIM;FST, Univ. Lorraine;Vandœuvre-lès-Nancy;54500;Lorraine;;;
Ingénieur Biotechnologies;INGÉNIEUR;7;CHIMIE ET BIOTECHNOLOGIES;Biotechnologies;ESBS, Univ. Strasbourg;Illkirch-Graffenstaden;67400;Alsace;;;
Ingénieur Chembiotech;INGÉNIEUR;7;CHIMIE ET BIOTECHNOLOGIES;Chembiotech;ECPM & ESBS, Univ. Strasbourg;Strasbourg;67000;Alsace;;;
Ingénieur Chimie;INGÉNIEUR;7;CHIMIE ET BIOTECHNOLOGIES;Chimie;ENSCM, Univ. Haute-Alsace;Mulhouse;68100;Alsace;;;
Ingénieur Chimie;INGÉNIEUR;7;CHIMIE ET BIOTECHNOLOGIES;Chimie;ECPM, Univ. Strasbourg;Strasbourg;67000;Alsace;;;
Ingénieur Chemplast;INGÉNIEUR;7;CHIMIE ET BIOTECHNOLOGIES;Chemplast;ECPM, Univ. Strasbourg;Strasbourg;67000;Alsace;;;
Mastère Spécialisé Bioprocédés – génie des procédés biotechnologiques;MS;7;CHIMIE ET BIOTECHNOLOGIES;Bioprocédés – génie des procédés biotechnologiques;ENSIC, Univ. Lorraine;Nancy;54000;Lorraine;;;
Mastère Spécialisé Bioprocédés – génie des procédés biotechnologiques;MS;7;CHIMIE ET BIOTECHNOLOGIES;Bioprocédés – génie des procédés biotechnologiques;CPE Lyon;Villeurbanne;69100;Inconnu;;;
Brevet de Technicien Supérieur Commerce international;BTS;5;COMMERCE ET MANAGEMENT;Commerce international - CI;Lycée Hugues Libergier;Reims;51100;Champagne-Ardenne;http://lycee-libergier.fr/;;
Brevet de Technicien Supérieur Commerce international;BTS;5;COMMERCE ET MANAGEMENT;Commerce international - CI;Centre AFPAM Formation;Bezannes;51430;Champagne-Ardenne;https://www.afpam.fr/;;
Brevet de Technicien Supérieur Commerce international;BTS;5;COMMERCE ET MANAGEMENT;Commerce international - CI;Lycée Frédéric Ozanam;Châlons-en-Champagne;51000;Champagne-Ardenne;https://www.ozanam-chalons.fr/;;
Brevet de Technicien Supérieur Commerce international;BTS;5;COMMERCE ET MANAGEMENT;Commerce international - CI;Lycée Pierre Bayle;Sedan;08200;Champagne-Ardenne;http://www.lycee-pierre-bayle.fr/;;
Brevet de Technicien Supérieur Commerce international;BTS;5;COMMERCE ET MANAGEMENT;Commerce international - CI;Lycée Edouard Herriot;Sainte-Savine;10300;Champagne-Ardenne;http://www.lycee-edouard-herriot.fr/;;
Brevet de Technicien Supérieur Commerce international;BTS;5;COMMERCE ET MANAGEMENT;Commerce international - CI;Lycée Robert Schuman;Metz;57070;Lorraine;https://lycee-schuman-metz.fr/;;
Brevet de Technicien Supérieur Commerce international;BTS;5;COMMERCE ET MANAGEMENT;Commerce international - CI;Lycée Jean de Pange;Sarreguemines;57200;Lorraine;http://www.lycee-jeandepange.fr/;;
Brevet de Technicien Supérieur Commerce international;BTS;5;COMMERCE ET MANAGEMENT;Commerce international - CI;Institut Notre-Dame de la Providence;Thionville;57100;Lorraine;https://www.ndp-thionville.fr/;;
Brevet de Technicien Supérieur Commerce international;BTS;5;COMMERCE ET MANAGEMENT;Commerce international - CI;Lycée Frédéric Chopin;Nancy;54000;Lorraine;https://lycee-chopin.fr/;;
Brevet de Technicien Supérieur Commerce international;BTS;5;COMMERCE ET MANAGEMENT;Commerce international - CI;Campus De La Salle;Metz;57070;Lorraine;https://www.delasallemetz.com/;;
Brevet de Technicien Supérieur Commerce international;BTS;5;COMMERCE ET MANAGEMENT;Commerce international - CI;Lycée Alfred Mézières;Longwy;54400;Lorraine;http://lycee-alfred-mezieres.fr/;;
Brevet de Technicien Supérieur Commerce international;BTS;5;COMMERCE ET MANAGEMENT;Commerce international - CI;Institution Sainte Clothilde;Strasbourg;67000;Alsace;https://www.clotilde.org/;;
Brevet de Technicien Supérieur Commerce international;BTS;5;COMMERCE ET MANAGEMENT;Commerce international - CI;Lycée René Cassin;Strasbourg;67000;Alsace;http://www.lyceecassin-strasbourg.eu/;;
Brevet de Technicien Supérieur Commerce international;BTS;5;COMMERCE ET MANAGEMENT;Commerce international - CI;Lycée ORT;Strasbourg;67000;Alsace;https://ort-strasbourg.fr/;;
Brevet de Technicien Supérieur Commerce international;BTS;5;COMMERCE ET MANAGEMENT;Commerce international - CI;École Grandjean;Strasbourg;67000;Alsace;https://www.ecole-grandjean.com/;;
Brevet de Technicien Supérieur Commerce international;BTS;5;COMMERCE ET MANAGEMENT;Commerce international - CI;École PIGIER;Strasbourg;67000;Alsace;https://www.pigier.com/ecole-commerce-strasbourg;;
Brevet de Technicien Supérieur Commerce international;BTS;5;COMMERCE ET MANAGEMENT;Commerce international - CI;Lycée Laurent de Lavoisier;Mulhouse;67100;Alsace;http://www.lycee-lavoisier-mulhouse.fr/;;
Brevet de Technicien Supérieur Conseil et commercialisation de solutions techniques;BTS;5;COMMERCE ET MANAGEMENT;Conseil et commercialisation de solutions techniques - CCST;Lycée Raymond Kopa;Reims;51100;Champagne-Ardenne;https://lyc-kopa-reims.monbureaunumerique.fr/;;
Brevet de Technicien Supérieur Conseil et commercialisation de solutions techniques;BTS;5;COMMERCE ET MANAGEMENT;Conseil et commercialisation de solutions techniques - CCST;Lycée François Bazin;Charleville-Mézières;08000;Champagne-Ardenne;http://www.lyceebazin.fr/;;
Brevet de Technicien Supérieur Conseil et commercialisation de solutions techniques;BTS;5;COMMERCE ET MANAGEMENT;Conseil et commercialisation de solutions techniques - CCST;Lycée Frédéric et Irène Joliot-Curie;Romilly-sur-Seine;10100;Champagne-Ardenne;http://lyc-joliot-curie-romilly.monbureaunumerique.fr/;;
Brevet de Technicien Supérieur Conseil et commercialisation de solutions techniques;BTS;5;COMMERCE ET MANAGEMENT;Conseil et commercialisation de solutions techniques - CCST;Avize Viti Campus;Avize;51190;Champagne-Ardenne;https://www.avizeviticampus.fr/;;
Brevet de Technicien Supérieur Conseil et commercialisation de solutions techniques;BTS;5;COMMERCE ET MANAGEMENT;Conseil et commercialisation de solutions techniques - CCST;Ensemble Scolaire Notre-Dame St-Joseph;Épinal;88000;Lorraine;https://www.ndsj88.fr/;;
Brevet de Technicien Supérieur Conseil et commercialisation de solutions techniques;BTS;5;COMMERCE ET MANAGEMENT;Conseil et commercialisation de solutions techniques - CCST;Lycée Henri Loritz;Nancy;54000;Lorraine;http://www.lycee-loritz.fr/;;
Brevet de Technicien Supérieur Conseil et commercialisation de solutions techniques;BTS;5;COMMERCE ET MANAGEMENT;Conseil et commercialisation de solutions techniques - CCST;Lycée La Briquerie;Thionville;57100;Lorraine;http://www.labriquerie.fr/;;
Brevet de Technicien Supérieur Conseil et commercialisation de solutions techniques;BTS;5;COMMERCE ET MANAGEMENT;Conseil et commercialisation de solutions techniques - CCST;Lycée André Malraux;Remiremont;88200;Lorraine;http://www.lycee-malraux-remiremont.fr/;;
Brevet de Technicien Supérieur Conseil et commercialisation de solutions techniques;BTS;5;COMMERCE ET MANAGEMENT;Conseil et commercialisation de solutions techniques - CCST;Lycée Henri Nominé;Sarreguemines;57200;Lorraine;http://www.lyceenomine.fr/;;
Brevet de Technicien Supérieur Conseil et commercialisation de solutions techniques;BTS;5;COMMERCE ET MANAGEMENT;Conseil et commercialisation de solutions techniques - CCST;IS4A;Laxou;54520;Lorraine;https://www.is4a.fr/;;
Brevet de Technicien Supérieur Conseil et commercialisation de solutions techniques;BTS;5;COMMERCE ET MANAGEMENT;Conseil et commercialisation de solutions techniques - CCST;École de Roville;Roville-aux-Chênes;88700;Lorraine;https://www.roville.fr/;;
Brevet de Technicien Supérieur Conseil et commercialisation de solutions techniques;BTS;5;COMMERCE ET MANAGEMENT;Conseil et commercialisation de solutions techniques - CCST;Institution Sainte Philomène;Haguenau;67500;Alsace;https://www.sainte-philomene.com/;;
Brevet de Technicien Supérieur Conseil et commercialisation de solutions techniques;BTS;5;COMMERCE ET MANAGEMENT;Conseil et commercialisation de solutions techniques - CCST;Lycée Jean Mermoz;Saint-Louis;68300;Alsace;https://lycee-mermoz.net/;;
Brevet de Technicien Supérieur Conseil et commercialisation de solutions techniques;BTS;5;COMMERCE ET MANAGEMENT;Conseil et commercialisation de solutions techniques - CCST;Lycée Jean Baptiste Schwilgué;Sélestat;67600;Alsace;http://www.lycee-schwilgue.fr/;;
Brevet de Technicien Supérieur Conseil et commercialisation de solutions techniques;BTS;5;COMMERCE ET MANAGEMENT;Conseil et commercialisation de solutions techniques - CCST;Lycée Henri Meck;Molsheim;67120;Alsace;http://www.lycee-meck.fr/;;
Brevet de Technicien Supérieur Conseil et commercialisation de solutions techniques;BTS;5;COMMERCE ET MANAGEMENT;Conseil et commercialisation de solutions techniques - CCST;EPLEFPA Les Sillons de Haute-Alsace;Rouffach;68250;Alsace;https://rouffach-wintzenheim.educagri.fr/;;
Brevet de Technicien Supérieur Conseil et commercialisation de solutions techniques;BTS;5;COMMERCE ET MANAGEMENT;Conseil et commercialisation de solutions techniques - CCST;EPLEFPA Les Sillons de Haute-Alsace;Wintzenheim;68920;Alsace;https://rouffach-wintzenheim.educagri.fr/;;
Bachelor Affaires internationales;BACHELOR;6;COMMERCE ET MANAGEMENT;Affaires internationales;EM Strasbourg Business School;Strasbourg;67000;Alsace;https://www.em-strasbourg.com/;;
Bachelor Management, business et négociation;BACHELOR;6;COMMERCE ET MANAGEMENT;Management, business et négociation;École ISTELI Reims;Reims;51100;Champagne-Ardenne;https://www.aft-ral.org/isteli/reims;;
Bachelor Management, business et négociation;BACHELOR;6;COMMERCE ET MANAGEMENT;Management, business et négociation;École ISTELI Nancy;Jarville-la-Malgrange;54140;Lorraine;https://www.aft-ral.org/isteli/nancy;;
Bachelor Management, business et négociation;BACHELOR;6;COMMERCE ET MANAGEMENT;Management, business et négociation;École ISTELI Metz;Metz;57070;Lorraine;https://www.aft-ral.org/isteli/metz;;
Bachelor Management, business et négociation;BACHELOR;6;COMMERCE ET MANAGEMENT;Management, business et négociation;École ISTELI Mulhouse;Sausheim;68390;Alsace;https://www.aft-ral.org/isteli/mulhouse;;
Bachelor Management, business et négociation;BACHELOR;6;COMMERCE ET MANAGEMENT;Management, business et négociation;École ISTELI Strasbourg;Schiltigheim;67300;Alsace;https://www.aft-ral.org/isteli/strasbourg;;
Licence Professionnelle Management des activités commerciales;LICENCE PROFESSIONNELLE;6;COMMERCE ET MANAGEMENT;Management des activités commerciales;UFR SESG, Univ. Reims Champagne Ardenne;Troyes;10000;Champagne-Ardenne;;;
Licence Professionnelle Management des activités commerciales;LICENCE PROFESSIONNELLE;6;COMMERCE ET MANAGEMENT;Management des activités commerciales;IUT Épinal-Hubert Curien, Univ. Lorraine;Épinal;88000;Lorraine;;;
Licence Professionnelle Métiers du commerce international;LICENCE PROFESSIONNELLE;6;COMMERCE ET MANAGEMENT;Métiers du commerce international - MBI;UFR SEN, Univ. Reims Champagne Ardenne;Reims;51100;Champagne-Ardenne;;;
Licence Professionnelle Métiers du commerce international;LICENCE PROFESSIONNELLE;6;COMMERCE ET MANAGEMENT;Métiers du commerce international - MBI;Avize Viti Campus;Avize;51190;Champagne-Ardenne;https://www.avizeviticampus.fr/;;
Master Entrepreneuriat et management de projets;MASTER;7;COMMERCE ET MANAGEMENT;Entrepreneuriat et management de projets - EMP;IAE Metz School of Management;Metz;57070;Lorraine;https://iae-metz.univ-lorraine.fr/;;
Master Entrepreneuriat et stratégie;MASTER;7;COMMERCE ET MANAGEMENT;Entrepreneuriat et stratégie - EMP;EM Strasbourg Business School;Strasbourg;67000;Alsace;https://www.em-strasbourg.com/;;
Master European digital and sustainable business;MASTER;7;COMMERCE ET MANAGEMENT;European digital and sustainable business - EDSB;EM Strasbourg Business School;Strasbourg;67000;Alsace;https://www.em-strasbourg.com/;;
Master Ingénierie d’affaires;MASTER;7;COMMERCE ET MANAGEMENT;Ingénierie d’affaires;EM Strasbourg Business School;Strasbourg;67000;Alsace;https://www.em-strasbourg.com/;;
Master Management et commerce international;MASTER;7;COMMERCE ET MANAGEMENT;Management et commerce international - MCI;FSEG, Univ. Strasbourg;Strasbourg;67000;Alsace;;;
Master Marketing, vente;MASTER;7;COMMERCE ET MANAGEMENT;Marketing, vente - MV;UFR SESG, Univ. Reims Champagne Ardenne;Troyes;10000;Champagne-Ardenne;;;
Master Gestion de l’environnement;MASTER;7;ENVIRONNEMENT ET DÉVELOPPEMENT DURABLE;Gestion de l’environnement - GESTE;UFR SciFA, Univ. Lorraine;Metz;57070;Lorraine;;;
Master Risques et environnement;MASTER;7;ENVIRONNEMENT ET DÉVELOPPEMENT DURABLE;Risques et environnement - RE;UFR SEN, Univ. Reims Champagne Ardenne;Reims;51100;Champagne-Ardenne;;;
Master Risques et environnement;MASTER;7;ENVIRONNEMENT ET DÉVELOPPEMENT DURABLE;Risques et environnement - RE;Université de technologie de Troyes;Rosières-près-Troyes;10430;Champagne-Ardenne;https://www.utt.fr/;;
Master Risques et environnement;MASTER;7;ENVIRONNEMENT ET DÉVELOPPEMENT DURABLE;Risques et environnement - RE;FST, Univ. Haute-Alsace;Mulhouse;68200;Alsace;;;
Master Sciences de la durabilité;MASTER;7;ENVIRONNEMENT ET DÉVELOPPEMENT DURABLE;Sciences de la durabilité;UFR SESG, Univ. Reims Champagne Ardenne;Reims;51100;Champagne-Ardenne;;;
Baccalauréat Professionnel Plastiques et composites;BAC PROFESSIONNEL;4;INDUSTRIE, PRODUCTION, PROCÉDÉS ET USINAGE;Plastiques et composites;Lycée Stéphane Hessel;Épernay;51200;Champagne-Ardenne;http://lycee-hessel-epernay.fr/;;
Baccalauréat Professionnel Plastiques et composites;BAC PROFESSIONNEL;4;INDUSTRIE, PRODUCTION, PROCÉDÉS ET USINAGE;Plastiques et composites;Lycée François Bazin;Charleville-Mézières;08000;Champagne-Ardenne;http://www.lyceebazin.fr/;;
Baccalauréat Professionnel Plastiques et composites;BAC PROFESSIONNEL;4;INDUSTRIE, PRODUCTION, PROCÉDÉS ET USINAGE;Plastiques et composites;Lycée Félix Mayer;Creutzwald;57150;Lorraine;http://www.lyceefelixmayer.fr/;;
Baccalauréat Professionnel Plastiques et composites;BAC PROFESSIONNEL;4;INDUSTRIE, PRODUCTION, PROCÉDÉS ET USINAGE;Plastiques et composites;Lycée Lazare de Schwendi;Ingersheim;68040;Alsace;http://www.lycee-schwendi.fr/;;
Baccalauréat Professionnel Plastiques et composites;BAC PROFESSIONNEL;4;INDUSTRIE, PRODUCTION, PROCÉDÉS ET USINAGE;Plastiques et composites;Lycée du Haut-Barr;Saverne;67700;Alsace;http://www.lycee-haut-barr.fr/;;
Baccalauréat Professionnel Procédés de la chimie, de l’eau et des papiers cartons;BAC PROFESSIONNEL;4;INDUSTRIE, PRODUCTION, PROCÉDÉS ET USINAGE;Procédés de la chimie, de l’eau et des papiers cartons - PCEPC;Lycée entre Meurthe-et-Sânon;Dombasle-sur-Meurthe;54110;Lorraine;http://www.lycee-meurthe-et-sanon.fr/;;
Baccalauréat Professionnel Procédés de la chimie, de l’eau et des papiers cartons;BAC PROFESSIONNEL;4;INDUSTRIE, PRODUCTION, PROCÉDÉS ET USINAGE;Procédés de la chimie, de l’eau et des papiers cartons - PCEPC;Lycée Charles Jully;Saint-Avold;57500;Lorraine;http://www.lycee-charles-jully.fr/;;
Baccalauréat Professionnel Procédés de la chimie, de l’eau et des papiers cartons;BAC PROFESSIONNEL;4;INDUSTRIE, PRODUCTION, PROCÉDÉS ET USINAGE;Procédés de la chimie, de l’eau et des papiers cartons - PCEPC;CFA Papetier;Gérardmer;88400;Lorraine;https://www.cfa-papetier.com/;;
Baccalauréat Professionnel Procédés de la chimie, de l’eau et des papiers cartons;BAC PROFESSIONNEL;4;INDUSTRIE, PRODUCTION, PROCÉDÉS ET USINAGE;Procédés de la chimie, de l’eau et des papiers cartons - PCEPC;Lycée Paul-Emile Victor;Obernai;67210;Alsace;http://www.lycee-paul-emile-victor.fr/;;
Baccalauréat Professionnel Production en industries pharmaceutiques, alimentaires et cosmétiques;BAC PROFESSIONNEL;4;INDUSTRIE, PRODUCTION, PROCÉDÉS ET USINAGE;Production en industries pharmaceutiques, alimentaires et cosmétiques - PIPAC;Campus Agro Environnemental;Saint-Laurent;08090;Champagne-Ardenne;https://campus-saintlaurent.fr/;;
Baccalauréat Professionnel Production en industries pharmaceutiques, alimentaires et cosmétiques;BAC PROFESSIONNEL;4;INDUSTRIE, PRODUCTION, PROCÉDÉS ET USINAGE;Production en industries pharmaceutiques, alimentaires et cosmétiques - PIPAC;Non spécifié;Troyes;10XXX;Champagne-Ardenne;;;
Brevet de Technicien Supérieur Pilotage des procédés;BTS;5;INDUSTRIE, PRODUCTION, PROCÉDÉS ET USINAGE;Pilotage des procédés - PC;Pôle de formation UIMM – Champagne-A.;Reims;51100;Champagne-Ardenne;https://www.formation-industries-ca.fr/;;
Brevet de Technicien Supérieur Pilotage des procédés;BTS;5;INDUSTRIE, PRODUCTION, PROCÉDÉS ET USINAGE;Pilotage des procédés - PC;CFA Papetier;Gérardmer;88400;Lorraine;https://www.cfa-papetier.com/;;
Brevet de Technicien Supérieur Pilotage des procédés;BTS;5;INDUSTRIE, PRODUCTION, PROCÉDÉS ET USINAGE;Pilotage des procédés - PC;Lycée Laurent de Lavoisier;Mulhouse;68200;Alsace;http://www.lycee-lavoisier-mulhouse.fr/;;
Brevet de Technicien Supérieur Métiers de la chimie;BTS;5;INDUSTRIE, PRODUCTION, PROCÉDÉS ET USINAGE;Métiers de la chimie;Lycée Hugues Libergier;Reims;51100;Champagne-Ardenne;http://lycee-libergier.fr/;;
Brevet de Technicien Supérieur Métiers de la chimie;BTS;5;INDUSTRIE, PRODUCTION, PROCÉDÉS ET USINAGE;Métiers de la chimie;Lycée Louis Vincent;Metz;57000;Lorraine;http://www.lyceelouisvincent.fr/;;
Brevet de Technicien Supérieur Métiers de la chimie;BTS;5;INDUSTRIE, PRODUCTION, PROCÉDÉS ET USINAGE;Métiers de la chimie;Lycée Laurent de Lavoisier;Mulhouse;68200;Alsace;http://www.lycee-lavoisier-mulhouse.fr/;;
Brevet de Technicien Supérieur Métiers de la mesure;BTS;5;INDUSTRIE, PRODUCTION, PROCÉDÉS ET USINAGE;Métiers de la mesure - 2M;Lycée Arthur Varoquaux;Tomblaine;54510;Lorraine;http://www.lycee-varoquaux.fr/;;
Brevet de Technicien Supérieur Métiers de la mesure;BTS;5;INDUSTRIE, PRODUCTION, PROCÉDÉS ET USINAGE;Métiers de la mesure - 2M;Lycée Jean Rostand;Strasbourg;67000;Alsace;http://www.lycee-jean-rostand.fr/;;
Brevet de Technicien Supérieur Europlastics et composites;BTS;5;INDUSTRIE, PRODUCTION, PROCÉDÉS ET USINAGE;Europlastics et composites - EPC;Non spécifié;Charleville-Mézières;08000;Champagne-Ardenne;;;
Brevet de Technicien Supérieur Europlastics et composites;BTS;5;INDUSTRIE, PRODUCTION, PROCÉDÉS ET USINAGE;Europlastics et composites - EPC;Non spécifié;Saint-Dié-des-Vosges;88100;Lorraine;;;
Bachelor Responsable qualité, sécurité et environnement;BACHELOR;6;INDUSTRIE, PRODUCTION, PROCÉDÉS ET USINAGE;Responsable qualité, sécurité et environnement;CESI Campus de Reims;Reims;51100;Champagne-Ardenne;https://reims.cesi.fr/;;
Bachelor Responsable qualité, sécurité et environnement;BACHELOR;6;INDUSTRIE, PRODUCTION, PROCÉDÉS ET USINAGE;Responsable qualité, sécurité et environnement;CESI Campus de Strasbourg;Lingolsheim;67380;Alsace;https://strasbourg.cesi.fr/;;
Bachelor Universitaire de Technologie Génie chimique - Génie des procédés;BUT;6;INDUSTRIE, PRODUCTION, PROCÉDÉS ET USINAGE;Génie chimique - Génie des procédés - GCGP;IUT Nancy-Brabois, Univ. Lorraine;Villers-lès-Nancy;54600;Lorraine;;;
Bachelor Universitaire de Technologie Science et génie des matériaux;BUT;6;INDUSTRIE, PRODUCTION, PROCÉDÉS ET USINAGE;Science et génie des matériaux - SGM;IUT Moselle-Est, Univ. Lorraine;Forbach;57600;Lorraine;;;
Bachelor Universitaire de Technologie Science et génie des matériaux;BUT;6;INDUSTRIE, PRODUCTION, PROCÉDÉS ET USINAGE;Science et génie des matériaux - SGM;IUT Mulhouse, Univ. Haute-Alsace;Mulhouse;68200;Alsace;;;
Bachelor Universitaire de Technologie Packaging, emballage et conditionnement;BUT;6;INDUSTRIE, PRODUCTION, PROCÉDÉS ET USINAGE;Packaging, emballage et conditionnement - PEC;IUT RCC, Univ. Reims Champagne Ardenne;Reims;51100;Champagne-Ardenne;;;
Bachelor Universitaire de Technologie Mesures physiques;BUT;6;INDUSTRIE, PRODUCTION, PROCÉDÉS ET USINAGE;Mesures physiques - MP;IUT RCC, Univ. Reims Champagne Ardenne;Reims;51100;Champagne-Ardenne;;;
Bachelor Universitaire de Technologie Mesures physiques;BUT;6;INDUSTRIE, PRODUCTION, PROCÉDÉS ET USINAGE;Mesures physiques - MP;IUT Metz, Univ. Lorraine;Metz;57000;Lorraine;;;
Bachelor Universitaire de Technologie Mesures physiques;BUT;6;INDUSTRIE, PRODUCTION, PROCÉDÉS ET USINAGE;Mesures physiques - MP;IUT Louis Pasteur, Univ. Strasbourg;Schiltigheim;67300;Alsace;;;
Bachelor Universitaire de Technologie Qualité, logistique industrielle et organisation;BUT;6;INDUSTRIE, PRODUCTION, PROCÉDÉS ET USINAGE;Qualité, logistique industrielle et organisation - QLIO;IUT Épinal-Hubert Curien, Univ. Lorraine;Épinal;88000;Lorraine;;;
Bachelor Universitaire de Technologie Qualité, logistique industrielle et organisation;BUT;6;INDUSTRIE, PRODUCTION, PROCÉDÉS ET USINAGE;Qualité, logistique industrielle et organisation - QLIO;IUT Nancy-Brabois, Univ. Lorraine;Lunéville;54300;Lorraine;;;
Bachelor Universitaire de Technologie Qualité, logistique industrielle et organisation;BUT;6;INDUSTRIE, PRODUCTION, PROCÉDÉS ET USINAGE;Qualité, logistique industrielle et organisation - QLIO;IUT Haguenau, Univ. Strasbourg;Haguenau;67500;Alsace;;;
Licence Professionnelle Métiers de l’industrie : logistique industrielle;LICENCE PROFESSIONNELLE;6;INDUSTRIE, PRODUCTION, PROCÉDÉS ET USINAGE;Métiers de l’industrie : logistique industrielle - MILI;IUT Épinal-Hubert Curien, Univ. Lorraine;Épinal;88000;Lorraine;;;
Licence Professionnelle Métiers de l’instrumentation, de la mesure et du contrôle qualité;LICENCE PROFESSIONNELLE;6;INDUSTRIE, PRODUCTION, PROCÉDÉS ET USINAGE;Métiers de l’instrumentation, de la mesure et du contrôle qualité;IUT Nancy-Brabois, Univ. Lorraine;Villers-lès-Nancy;54600;Lorraine;;;
Licence Professionnelle Bio-industries et biotechnologies;LICENCE PROFESSIONNELLE;6;INDUSTRIE, PRODUCTION, PROCÉDÉS ET USINAGE;Bio-industries et biotechnologies - BBT;UFR SEN, Univ. Reims Champagne-Ardenne;Reims;51100;Champagne-Ardenne;;;
Licence Professionnelle Bio-industries et biotechnologies;LICENCE PROFESSIONNELLE;6;INDUSTRIE, PRODUCTION, PROCÉDÉS ET USINAGE;Bio-industries et biotechnologies - BBT;IUT Haguenau, Univ. Strasbourg;Colmar;68000;Alsace;;;
Licence Professionnelle Qualité, hygiène, sécurité et environnement;LICENCE PROFESSIONNELLE;6;INDUSTRIE, PRODUCTION, PROCÉDÉS ET USINAGE;Qualité, hygiène, sécurité et environnement;UFR SEN, Univ. Reims Champagne Ardenne;Reims;51100;Champagne-Ardenne;;;
Licence Professionnelle Qualité, hygiène, sécurité et environnement;LICENCE PROFESSIONNELLE;6;INDUSTRIE, PRODUCTION, PROCÉDÉS ET USINAGE;Qualité, hygiène, sécurité et environnement;IUT Moselle-Est, Univ. Lorraine;Sarreguemines;57200;Lorraine;;;
Licence Professionnelle Qualité, hygiène, sécurité et environnement;LICENCE PROFESSIONNELLE;6;INDUSTRIE, PRODUCTION, PROCÉDÉS ET USINAGE;Qualité, hygiène, sécurité et environnement;UFR de médecine, Univ. Strasbourg;Strasbourg;67000;Alsace;;;
Licence Professionnelle Domotique;LICENCE PROFESSIONNELLE;6;INDUSTRIE, PRODUCTION, PROCÉDÉS ET USINAGE;Domotique;IUT Troyes, Univ. Reims Champagne-Ardenne;Rosières-près-Troyes;10430;Champagne-Ardenne;;;
Licence Professionnelle Domotique;LICENCE PROFESSIONNELLE;6;INDUSTRIE, PRODUCTION, PROCÉDÉS ET USINAGE;Domotique;BTP CFA Aube;Pont-Sainte-Marie;10150;Champagne-Ardenne;https://www.btpcfa-grandest.fr/;;
Licence Professionnelle Domotique;LICENCE PROFESSIONNELLE;6;INDUSTRIE, PRODUCTION, PROCÉDÉS ET USINAGE;Domotique;CNAM Grand Est;Strasbourg;67200;Alsace;https://www.cnam-grandest.fr/;;
Ingénieur Génie des matériaux;INGÉNIEUR;7;INDUSTRIE, PRODUCTION, PROCÉDÉS ET USINAGE;Génie des matériaux;EEIGM, Univ. Lorraine;Nancy;54000;Lorraine;;;
Ingénieur Génie des systèmes et de l’innovation;INGÉNIEUR;7;INDUSTRIE, PRODUCTION, PROCÉDÉS ET USINAGE;Génie des systèmes et de l’innovation;ENSGSI, Univ. Lorraine;Nancy;54000;Lorraine;;;
Master Sciences et génie des matériaux;MASTER;7;INDUSTRIE, PRODUCTION, PROCÉDÉS ET USINAGE;Sciences et génie des matériaux - SGM;FST, Univ. Lorraine;Vandœuvre-lès-Nancy;54500;Lorraine;;;
Master Sciences et génie des matériaux;MASTER;7;INDUSTRIE, PRODUCTION, PROCÉDÉS ET USINAGE;Sciences et génie des matériaux - SGM;UFR de physique, Univ. Strasbourg;Strasbourg;67000;Alsace;;;
Master Sciences et génie des matériaux;MASTER;7;INDUSTRIE, PRODUCTION, PROCÉDÉS ET USINAGE;Sciences et génie des matériaux - SGM;INSA Strasbourg;Strasbourg;67000;Alsace;https://www.insa-strasbourg.fr/;;
Master Sciences et génie des matériaux;MASTER;7;INDUSTRIE, PRODUCTION, PROCÉDÉS ET USINAGE;Sciences et génie des matériaux - SGM;FST, Univ. Haute-Alsace;Mulhouse;68200;Alsace;;;
Master Génie industriel;MASTER;7;INDUSTRIE, PRODUCTION, PROCÉDÉS ET USINAGE;Génie industriel - GI;UFR MIM, Univ. Lorraine;Metz;57070;Lorraine;;;
Master Génie industriel;MASTER;7;INDUSTRIE, PRODUCTION, PROCÉDÉS ET USINAGE;Génie industriel - GI;UFR de physique, Univ. Strasbourg;Strasbourg;67000;Alsace;;;
Master Ingénierie de conception;MASTER;7;INDUSTRIE, PRODUCTION, PROCÉDÉS ET USINAGE;Ingénierie de conception - IC;EISINE, Univ. Reims Champagne Ardenne;Reims;51100;Champagne-Ardenne;;;
Master Ingénierie de conception;MASTER;7;INDUSTRIE, PRODUCTION, PROCÉDÉS ET USINAGE;Ingénierie de conception - IC;Université de technologie de Troyes;Rosières-près-Troyes;10430;Champagne-Ardenne;https://www.utt.fr/;;
Master Manager de la performance et de l’innovation industrielle;MASTER;7;INDUSTRIE, PRODUCTION, PROCÉDÉS ET USINAGE;Manager de la performance et de l’innovation industrielle;CESI Campus de Nancy;Vandœuvre-lès-Nancy;54500;Lorraine;https://nancy.cesi.fr/;;
Master Manager de la performance et de l’innovation industrielle;MASTER;7;INDUSTRIE, PRODUCTION, PROCÉDÉS ET USINAGE;Manager de la performance et de l’innovation industrielle;CESI Campus de Strasbourg;Lingolsheim;67380;Alsace;https://strasbourg.cesi.fr/;;
Titre Professionnel de Fin de Parcours Pilote de systèmes de production automatisée;TPFP;4;INFORMATIQUE ET NUMÉRIQUE;Pilote de systèmes de production automatisée;Pôle de formation UIMM – Champagne-A.;Reims;51100;Champagne-Ardenne;https://www.formation-industries-ca.fr/;;
Titre Professionnel de Fin de Parcours Pilote de systèmes de production automatisée;TPFP;4;INFORMATIQUE ET NUMÉRIQUE;Pilote de systèmes de production automatisée;Pôle de formation UIMM – Champagne-A.;Saint-Dizier;52100;Champagne-Ardenne;https://www.formation-industries-ca.fr/;;
Titre Professionnel de Fin de Parcours Pilote de systèmes de production automatisée;TPFP;4;INFORMATIQUE ET NUMÉRIQUE;Pilote de systèmes de production automatisée;Pôle de formation UIMM – Champagne-A.;Rosières-près-Troyes;10430;Champagne-Ardenne;https://www.formation-industries-ca.fr/;;
Titre Professionnel de Fin de Parcours Conducteur transport routier de marchandises;TPFP;3;LOGISTIQUE ET TRANSPORT;Conducteur transport routier de marchandises - CTRM;Lycée Etienne Oehmichen;Châlons-en-Champagne;51000;Champagne-Ardenne;http://lycee-oehmichen.fr/;;
Titre Professionnel de Fin de Parcours Conducteur transport routier de marchandises;TPFP;3;LOGISTIQUE ET TRANSPORT;Conducteur transport routier de marchandises - CTRM;Ensemble Scolaire Saint Michel;Art-sur-Meurthe;54510;Lorraine;http://www.saint-michel-art-sur-meurthe.com/;;
Titre Professionnel de Fin de Parcours Conducteur transport routier de marchandises;TPFP;3;LOGISTIQUE ET TRANSPORT;Conducteur transport routier de marchandises - CTRM;Lycée Gustave Eiffel;Talange;57525;Lorraine;http://www.lycee-eiffel-talange.fr/;;
Titre Professionnel de Fin de Parcours Conducteur transport routier de marchandises;TPFP;3;LOGISTIQUE ET TRANSPORT;Conducteur transport routier de marchandises - CTRM;Lycée Pierre-Gilles de Gennes;Gérardmer;88400;Lorraine;http://www.lycee-pierre-gilles-de-gennes.fr/;;
Titre Professionnel de Fin de Parcours Conducteur transport routier de marchandises;TPFP;3;LOGISTIQUE ET TRANSPORT;Conducteur transport routier de marchandises - CTRM;Lycée Emile Mathis;Schiltigheim;67300;Alsace;http://www.lycee-emile-mathis.fr/;;
Titre Professionnel de Fin de Parcours Conducteur transport routier de marchandises;TPFP;3;LOGISTIQUE ET TRANSPORT;Conducteur transport routier de marchandises - CTRM;Lycée Ettore Bugatti;Illzach;68110;Alsace;http://www.lycee-bugatti.fr/;;
Brevet de Technicien Supérieur Gestion des transports et logistique associée;BTS;5;LOGISTIQUE ET TRANSPORT;Gestion des transports et logistique associée - GTLA;Lycée Etienne Oehmichen;Châlons-en-Champagne;51000;Champagne-Ardenne;http://lycee-oehmichen.fr/;;
Brevet de Technicien Supérieur Gestion des transports et logistique associée;BTS;5;LOGISTIQUE ET TRANSPORT;Gestion des transports et logistique associée - GTLA;École ISTELI Reims;Reims;51100;Champagne-Ardenne;https://www.aft-ral.org/isteli/reims;;
Brevet de Technicien Supérieur Gestion des transports et logistique associée;BTS;5;LOGISTIQUE ET TRANSPORT;Gestion des transports et logistique associée - GTLA;Lycée Rosa Parks;La Chapelle-Saint-Luc;10600;Champagne-Ardenne;http://www.lyceerosaparks.fr/;;
Brevet de Technicien Supérieur Gestion des transports et logistique associée;BTS;5;LOGISTIQUE ET TRANSPORT;Gestion des transports et logistique associée - GTLA;École ISTELI Nancy;Jarville-la-Malgrange;54140;Lorraine;https://www.aft-ral.org/isteli/nancy;;
Brevet de Technicien Supérieur Gestion des transports et logistique associée;BTS;5;LOGISTIQUE ET TRANSPORT;Gestion des transports et logistique associée - GTLA;École ISTELI Metz;Metz;57070;Lorraine;https://www.aft-ral.org/isteli/metz;;
Brevet de Technicien Supérieur Gestion des transports et logistique associée;BTS;5;LOGISTIQUE ET TRANSPORT;Gestion des transports et logistique associée - GTLA;Lycée Charles Hermite;Dieuze;57260;Lorraine;http://www.lycee-charles-hermite.fr/;;
Brevet de Technicien Supérieur Gestion des transports et logistique associée;BTS;5;LOGISTIQUE ET TRANSPORT;Gestion des transports et logistique associée - GTLA;Lycée Gustave Eiffel;Talange;57525;Lorraine;http://www.lycee-eiffel-talange.fr/;;
Brevet de Technicien Supérieur Gestion des transports et logistique associée;BTS;5;LOGISTIQUE ET TRANSPORT;Gestion des transports et logistique associée - GTLA;Lycée Emile Mathis;Schiltigheim;67300;Alsace;http://www.lycee-emile-mathis.fr/;;
Brevet de Technicien Supérieur Gestion des transports et logistique associée;BTS;5;LOGISTIQUE ET TRANSPORT;Gestion des transports et logistique associée - GTLA;Lycée Georges de la Tour;Metz;57000;Lorraine;http://www.lycee-georges-de-la-tour-metz.fr/;;
Brevet de Technicien Supérieur Gestion des transports et logistique associée;BTS;5;LOGISTIQUE ET TRANSPORT;Gestion des transports et logistique associée - GTLA;École ISTELI Mulhouse;Sausheim;68390;Alsace;https://www.aft-ral.org/isteli/mulhouse;;
Brevet de Technicien Supérieur Gestion des transports et logistique associée;BTS;5;LOGISTIQUE ET TRANSPORT;Gestion des transports et logistique associée - GTLA;Lycée Stanislas;Wissembourg;67160;Alsace;http://www.lycee-stanislas-wissembourg.fr/;;
Brevet de Technicien Supérieur Gestion des transports et logistique associée;BTS;5;LOGISTIQUE ET TRANSPORT;Gestion des transports et logistique associée - GTLA;École ISTELI Strasbourg;Schiltigheim;67300;Alsace;https://www.aft-ral.org/isteli/strasbourg;;
Bachelor Management, business et négociation;BACHELOR;6;LOGISTIQUE ET TRANSPORT;Management, business et négociation;École ISTELI Reims;Reims;51100;Champagne-Ardenne;https://www.aft-ral.org/isteli/reims;;
Bachelor Management, business et négociation;BACHELOR;6;LOGISTIQUE ET TRANSPORT;Management, business et négociation;École ISTELI Nancy;Jarville-la-Malgrange;54140;Lorraine;https://www.aft-ral.org/isteli/nancy;;
Bachelor Management, business et négociation;BACHELOR;6;LOGISTIQUE ET TRANSPORT;Management, business et négociation;École ISTELI Metz;Metz;57070;Lorraine;https://www.aft-ral.org/isteli/metz;;
Bachelor Management, business et négociation;BACHELOR;6;LOGISTIQUE ET TRANSPORT;Management, business et négociation;École ISTELI Mulhouse;Sausheim;68390;Alsace;https://www.aft-ral.org/isteli/mulhouse;;
Bachelor Management, business et négociation;BACHELOR;6;LOGISTIQUE ET TRANSPORT;Management, business et négociation;École ISTELI Strasbourg;Schiltigheim;67300;Alsace;https://www.aft-ral.org/isteli/strasbourg;;
Bachelor Management des flux de marchandises;BACHELOR;6;LOGISTIQUE ET TRANSPORT;Management des flux de marchandises;École ISTELI Reims;Reims;51100;Champagne-Ardenne;https://www.aft-ral.org/isteli/reims;;
Bachelor Management des flux de marchandises;BACHELOR;6;LOGISTIQUE ET TRANSPORT;Management des flux de marchandises;École ISTELI Nancy;Jarville-la-Malgrange;54140;Lorraine;https://www.aft-ral.org/isteli/nancy;;
Bachelor Management des flux de marchandises;BACHELOR;6;LOGISTIQUE ET TRANSPORT;Management des flux de marchandises;École ISTELI Metz;Metz;57070;Lorraine;https://www.aft-ral.org/isteli/metz;;
Bachelor Management des flux de marchandises;BACHELOR;6;LOGISTIQUE ET TRANSPORT;Management des flux de marchandises;École ISTELI Mulhouse;Sausheim;68390;Alsace;https://www.aft-ral.org/isteli/mulhouse;;
Bachelor Management des flux de marchandises;BACHELOR;6;LOGISTIQUE ET TRANSPORT;Management des flux de marchandises;École ISTELI Strasbourg;Schiltigheim;67300;Alsace;https://www.aft-ral.org/isteli/strasbourg;;
Bachelor Management logistique et supply chain;BACHELOR;6;LOGISTIQUE ET TRANSPORT;Management logistique et supply chain;École ISTELI Reims;Reims;51100;Champagne-Ardenne;https://www.aft-ral.org/isteli/reims;;
Bachelor Management logistique et supply chain;BACHELOR;6;LOGISTIQUE ET TRANSPORT;Management logistique et supply chain;École ISTELI Nancy;Jarville-la-Malgrange;54140;Lorraine;https://www.aft-ral.org/isteli/nancy;;
Bachelor Management logistique et supply chain;BACHELOR;6;LOGISTIQUE ET TRANSPORT;Management logistique et supply chain;École ISTELI Metz;Metz;57070;Lorraine;https://www.aft-ral.org/isteli/metz;;
Bachelor Management logistique et supply chain;BACHELOR;6;LOGISTIQUE ET TRANSPORT;Management logistique et supply chain;École ISTELI Mulhouse;Sausheim;68390;Alsace;https://www.aft-ral.org/isteli/mulhouse;;
Bachelor Management logistique et supply chain;BACHELOR;6;LOGISTIQUE ET TRANSPORT;Management logistique et supply chain;École ISTELI Strasbourg;Schiltigheim;67300;Alsace;https://www.aft-ral.org/isteli/strasbourg;;
Brevet de Technicien Supérieur Maintenance des systèmes;BTS;5;MÉCANIQUE ET MAINTENANCE;Maintenance des systèmes - MS;Pôle de formation UIMM – Champagne-A.;Reims;51100;Champagne-Ardenne;https://www.formation-industries-ca.fr/;;
Brevet de Technicien Supérieur Maintenance des systèmes;BTS;5;MÉCANIQUE ET MAINTENANCE;Maintenance des systèmes - MS;Lycée Denis Diderot;Langres;52200;Champagne-Ardenne;http://www.lyceediderot.fr/;;
Brevet de Technicien Supérieur Maintenance des systèmes;BTS;5;MÉCANIQUE ET MAINTENANCE;Maintenance des systèmes - MS;Lycée Louis Couffignal;Strasbourg;67000;Alsace;http://www.lyceecouffignal.fr/;;
Brevet de Technicien Supérieur Conception et réalisation en chaudronnerie industrielle;BTS;5;MÉCANIQUE ET MAINTENANCE;Conception et réalisation en chaudronnerie industrielle - CRCI;Lycée François Bazin;Charleville-Mézières;08000;Champagne-Ardenne;http://www.lyceebazin.fr/;;
Brevet de Technicien Supérieur Conception et réalisation en chaudronnerie industrielle;BTS;5;MÉCANIQUE ET MAINTENANCE;Conception et réalisation en chaudronnerie industrielle - CRCI;Pôle de formation UIMM – Champagne-A.;Reims;51100;Champagne-Ardenne;https://www.formation-industries-ca.fr/;;
Brevet de Technicien Supérieur Conception et réalisation en chaudronnerie industrielle;BTS;5;MÉCANIQUE ET MAINTENANCE;Conception et réalisation en chaudronnerie industrielle - CRCI;Pôle de formation UIMM – Champagne-A.;Rosières-près-Troyes;10430;Champagne-Ardenne;https://www.formation-industries-ca.fr/;;
Brevet de Technicien Supérieur Conception et réalisation en chaudronnerie industrielle;BTS;5;MÉCANIQUE ET MAINTENANCE;Conception et réalisation en chaudronnerie industrielle - CRCI;Pôle de formation UIMM – Champagne-A.;Charleville-Mézières;08000;Champagne-Ardenne;https://www.formation-industries-ca.fr/;;
Brevet de Technicien Supérieur Conception et réalisation en chaudronnerie industrielle;BTS;5;MÉCANIQUE ET MAINTENANCE;Conception et réalisation en chaudronnerie industrielle - CRCI;Lycée La Briquerie;Thionville;57100;Lorraine;http://www.labriquerie.fr/;;
Brevet de Technicien Supérieur Conception et réalisation en chaudronnerie industrielle;BTS;5;MÉCANIQUE ET MAINTENANCE;Conception et réalisation en chaudronnerie industrielle - CRCI;Lycée Interentreprise;Boulay-Moselle;57220;Lorraine;http://www.lycee-interentreprises-boulay.fr/;;
Brevet de Technicien Supérieur Conception et réalisation en chaudronnerie industrielle;BTS;5;MÉCANIQUE ET MAINTENANCE;Conception et réalisation en chaudronnerie industrielle - CRCI;Pôle de formation UIMM – Moselle;Henriville;57450;Lorraine;https://www.formation-industries-lorraine.com/;;
Brevet de Technicien Supérieur Conception et réalisation en chaudronnerie industrielle;BTS;5;MÉCANIQUE ET MAINTENANCE;Conception et réalisation en chaudronnerie industrielle - CRCI;Pôle de formation UIMM – Meurthe-et-Moselle;Nancy – Maxéville;54320;Lorraine;https://www.formation-industries-lorraine.com/;;
Brevet de Technicien Supérieur Conception et réalisation en chaudronnerie industrielle;BTS;5;MÉCANIQUE ET MAINTENANCE;Conception et réalisation en chaudronnerie industrielle - CRCI;Pôle de formation UIMM – Moselle;Yutz – Thionville;57970;Lorraine;https://www.formation-industries-lorraine.com/;;
École Doctorale ABIES;ED ABIES;8;ÉCOLES DOCTORALES;Agriculture, Alimentation, Biologie, Environnement, Santé;Univ. Reims Champagne-Ardenne;Reims;51100;Champagne-Ardenne;https://www.univ-reims.fr/;;
École Doctorale Sciences Humaines et Sociales;ED;8;ÉCOLES DOCTORALES;Droit privé, droit public, histoire du droit;Univ. Reims Champagne-Ardenne;Reims;51100;Champagne-Ardenne;https://www.univ-reims.fr/;;
École Doctorale Sciences Humaines et Sociales;ED;8;ÉCOLES DOCTORALES;Science politique;Univ. Reims Champagne-Ardenne;Reims;51100;Champagne-Ardenne;https://www.univ-reims.fr/;;
École Doctorale Sciences Humaines et Sociales;ED;8;ÉCOLES DOCTORALES;Sciences économiques et de gestion;Univ. Reims Champagne-Ardenne;Reims;51100;Champagne-Ardenne;https://www.univ-reims.fr/;;
École Doctorale Sciences Humaines et Sociales;ED;8;ÉCOLES DOCTORALES;Sciences du langage;Univ. Reims Champagne-Ardenne;Reims;51100;Champagne-Ardenne;https://www.univ-reims.fr/;;
École Doctorale Sciences Humaines et Sociales;ED;8;ÉCOLES DOCTORALES;Langues et littératures;Univ. Reims Champagne-Ardenne;Reims;51100;Champagne-Ardenne;https://www.univ-reims.fr/;;
École Doctorale Sciences Humaines et Sociales;ED;8;ÉCOLES DOCTORALES;Psychologie;Univ. Reims Champagne-Ardenne;Reims;51100;Champagne-Ardenne;https://www.univ-reims.fr/;;
École Doctorale Sciences Humaines et Sociales;ED;8;ÉCOLES DOCTORALES;Philosophie;Univ. Reims Champagne-Ardenne;Reims;51100;Champagne-Ardenne;https://www.univ-reims.fr/;;
École Doctorale Sciences Humaines et Sociales;ED;8;ÉCOLES DOCTORALES;Sociologie, anthropologie, ethnologie;Univ. Reims Champagne-Ardenne;Reims;51100;Champagne-Ardenne;https://www.univ-reims.fr/;;
École Doctorale Sciences Humaines et Sociales;ED;8;ÉCOLES DOCTORALES;Histoire et civilisation;Univ. Reims Champagne-Ardenne;Reims;51100;Champagne-Ardenne;https://www.univ-reims.fr/;;
École Doctorale Sciences Humaines et Sociales;ED;8;ÉCOLES DOCTORALES;Géographie et aménagement de l’espace;Univ. Reims Champagne-Ardenne;Reims;51100;Champagne-Ardenne;https://www.univ-reims.fr/;;
École Doctorale Sciences Humaines et Sociales;ED;8;ÉCOLES DOCTORALES;Sciences de l’éducation, de l’information et de la communication;Univ. Reims Champagne-Ardenne;Reims;51100;Champagne-Ardenne;https://www.univ-reims.fr/;;
